Rk,Player,PTS/G,G,Season,Age,Team,G_2,GS,AS,MP,FG,FGA,2P,2PA,3P,3PA,FT,FTA,ORB,DRB,TRB,AST,STL,BLK,TOV,PF,PTS/G_2,FG%,2P%,3P%,FT%,TS%,eFG%,Pos,PlayerID
1,Shai Gilgeous-Alexander,32.7,76,2024-25,26,OKC,76,76,1,34.2,11.3,21.8,9.2,16.1,2.1,5.7,7.9,8.8,0.9,4.1,5.0,6.4,1.7,1.0,2.4,2.2,32.7,0.519,0.571,0.375,0.898,0.637,0.569,G,gilgesh01
2,Giannis Antetokounmpo,30.4,67,2024-25,30,MIL,67,67,1,34.2,11.8,19.7,11.6,18.7,0.2,0.9,6.5,10.6,2.2,9.7,11.9,6.5,0.9,1.2,3.1,2.3,30.4,0.601,0.62,0.222,0.617,0.625,0.607,F-G,antetgi01
3,Nikola Jokić,29.6,70,2024-25,29,DEN,70,70,1,36.7,11.2,19.5,9.3,14.8,2.0,4.7,5.2,6.4,2.9,9.9,12.7,10.2,1.8,0.6,3.3,2.3,29.6,0.576,0.627,0.417,0.8,0.663,0.627,C-F,jokicni01
4,Luka Dončić,28.2,50,2024-25,25,LAL,50,50,0,35.4,9.2,20.5,5.7,10.9,3.5,9.6,6.2,7.9,0.8,7.4,8.2,7.7,1.8,0.4,3.6,2.5,28.2,0.45,0.522,0.368,0.782,0.587,0.536,G-F,doncilu01
5,Anthony Edwards,27.6,79,2024-25,23,MIN,79,79,1,36.3,9.1,20.4,5.1,10.1,4.1,10.3,5.3,6.3,0.8,4.9,5.7,4.5,1.2,0.6,3.2,1.9,27.6,0.447,0.501,0.395,0.837,0.595,0.547,G-F,edwaran01
6,Jayson Tatum,26.8,72,2024-25,26,BOS,72,72,1,36.4,9.2,20.3,5.7,10.2,3.5,10.1,5.0,6.1,0.7,8.0,8.7,6.0,1.1,0.5,2.9,2.2,26.8,0.452,0.559,0.343,0.814,0.582,0.537,F,tatumja01
7,Kevin Durant,26.6,62,2024-25,36,PHO,62,62,1,36.5,9.5,18.1,7.0,12.1,2.6,6.0,4.9,5.8,0.4,5.7,6.0,4.2,0.8,1.2,3.1,1.7,26.6,0.527,0.574,0.43,0.839,0.642,0.598,F-G,duranke01
8,Tyrese Maxey,26.3,52,2024-25,24,PHI,52,52,0,37.7,9.2,21.0,6.1,11.8,3.1,9.2,4.9,5.6,0.3,3.1,3.3,6.1,1.8,0.4,2.4,2.2,26.3,0.437,0.515,0.337,0.879,0.562,0.511,G,maxeyty01
9,Cade Cunningham,26.1,70,2024-25,23,DET,70,70,1,35.0,9.8,20.8,7.6,14.8,2.1,6.0,4.5,5.3,0.8,5.3,6.1,9.1,1.0,0.8,4.4,2.8,26.1,0.469,0.515,0.356,0.846,0.565,0.521,G,cunnica01
10,Jalen Brunson,26.0,65,2024-25,28,NYK,65,65,1,35.4,9.0,18.5,6.7,12.4,2.3,6.1,5.7,6.9,0.4,2.5,2.9,7.3,0.9,0.1,2.5,2.1,26.0,0.488,0.539,0.383,0.821,0.605,0.551,G,brunsja01
11,Paolo Banchero,25.9,46,2024-25,22,ORL,46,46,0,34.4,9.0,19.8,7.1,13.9,1.9,5.9,6.1,8.4,1.1,6.4,7.5,4.8,0.8,0.6,3.0,2.1,25.9,0.452,0.509,0.32,0.727,0.551,0.5,F,banchpa01
12,Devin Booker,25.6,75,2024-25,28,PHO,75,75,0,37.3,8.7,18.9,6.3,11.6,2.4,7.3,5.8,6.4,1.0,3.1,4.1,7.1,0.9,0.2,2.9,2.6,25.6,0.461,0.542,0.332,0.894,0.589,0.525,G,bookede01
13,LaMelo Ball,25.2,47,2024-25,23,CHO,47,47,0,32.0,8.6,21.3,4.8,10.1,3.8,11.2,4.1,4.9,1.0,3.9,4.9,7.4,1.1,0.3,3.6,3.3,25.2,0.405,0.478,0.339,0.843,0.536,0.494,G,ballla01
14,Damian Lillard,24.9,58,2024-25,34,MIL,58,58,1,36.1,7.7,17.1,4.3,8.1,3.4,9.0,6.2,6.8,0.5,4.2,4.7,7.1,1.2,0.2,2.8,1.7,24.9,0.448,0.528,0.376,0.921,0.621,0.547,G,lillada01
15,Anthony Davis,24.7,51,2024-25,31,LAL,51,51,1,33.5,9.2,17.8,8.5,15.4,0.7,2.4,5.6,7.2,2.6,8.9,11.6,3.5,1.2,2.2,2.2,1.9,24.7,0.516,0.553,0.282,0.775,0.588,0.536,F-C,davisan02
16,Kyrie Irving,24.7,50,2024-25,32,DAL,50,50,1,36.1,8.9,18.9,6.1,11.7,2.9,7.2,3.9,4.3,1.2,3.6,4.8,4.6,1.3,0.5,2.2,2.0,24.7,0.473,0.517,0.401,0.916,0.594,0.549,G,irvinky01
17,Zion Williamson,24.6,30,2024-25,24,NOP,30,30,0,28.6,9.6,16.9,9.5,16.5,0.1,0.4,5.3,8.0,2.5,4.7,7.2,5.3,1.2,0.9,3.0,2.7,24.6,0.567,0.576,0.231,0.656,0.6,0.57,F-C,willizi01
18,Stephen Curry,24.5,70,2024-25,36,GSW,70,70,1,32.2,8.1,18.0,3.6,6.8,4.4,11.2,4.0,4.3,0.6,3.9,4.4,6.0,1.1,0.4,2.9,1.4,24.5,0.448,0.534,0.397,0.933,0.618,0.572,G,curryst01
19,Karl-Anthony Towns,24.4,72,2024-25,29,NYK,72,72,1,35.0,8.9,16.9,6.9,12.2,2.0,4.7,4.7,5.7,2.9,9.8,12.8,3.1,1.0,0.7,2.7,3.5,24.4,0.526,0.567,0.42,0.829,0.63,0.584,C-F,townska01
20,LeBron James,24.4,70,2024-25,40,LAL,70,70,1,34.9,9.3,18.1,7.2,12.5,2.1,5.7,3.7,4.7,1.0,6.8,7.8,8.2,1.0,0.6,3.7,1.4,24.4,0.513,0.574,0.376,0.782,0.604,0.571,F-G,jamesle01
21,Victor Wembanyama,24.3,46,2024-25,21,SAS,46,46,1,33.2,8.9,18.6,5.8,9.9,3.1,8.8,3.4,4.1,1.8,9.2,11.0,3.7,1.1,3.8,3.2,2.3,24.3,0.476,0.586,0.352,0.836,0.594,0.559,C-F,wembavi01
22,Trae Young,24.2,76,2024-25,26,ATL,76,76,1,36.0,7.4,18.1,4.6,9.7,2.9,8.4,6.5,7.4,0.5,2.6,3.1,11.6,1.2,0.2,4.7,1.9,24.2,0.411,0.474,0.34,0.875,0.567,0.491,G,youngtr01
23,Franz Wagner,24.2,60,2024-25,23,ORL,60,60,0,33.7,9.0,19.4,7.2,13.5,1.7,5.9,4.5,5.2,0.9,4.8,5.7,4.7,1.3,0.4,2.3,2.5,24.2,0.463,0.535,0.295,0.871,0.558,0.507,G-F,wagnefr01
24,Cam Thomas,24.0,25,2024-25,23,BRK,25,23,0,31.2,8.0,18.2,5.2,10.4,2.7,7.8,5.3,6.0,0.6,2.7,3.3,3.8,0.6,0.1,2.5,1.8,24.0,0.438,0.506,0.349,0.881,0.575,0.513,G,thomaca02
25,Donovan Mitchell,24.0,71,2024-25,28,CLE,71,71,1,31.4,8.2,18.6,5.0,9.7,3.3,8.9,4.2,5.1,0.8,3.7,4.5,5.0,1.3,0.2,2.1,2.0,24.0,0.443,0.512,0.368,0.823,0.575,0.531,G,mitchdo01
26,Tyler Herro,23.9,77,2024-25,25,MIA,77,77,1,35.4,8.5,17.9,5.2,9.2,3.3,8.7,3.7,4.2,0.5,4.7,5.2,5.5,0.9,0.2,2.6,1.1,23.9,0.472,0.565,0.375,0.878,0.605,0.563,G,herroty01
27,De'Aaron Fox,23.5,62,2024-25,27,SAS,62,62,0,36.1,8.7,18.8,6.8,12.6,1.9,6.1,4.2,5.1,0.9,3.9,4.8,6.3,1.5,0.4,2.8,2.6,23.5,0.463,0.538,0.31,0.827,0.56,0.514,G,foxde01
28,Zach LaVine,23.3,74,2024-25,29,SAC,74,74,0,35.2,8.4,16.5,5.2,9.3,3.2,7.2,3.2,3.9,0.3,4.0,4.3,4.2,0.8,0.2,2.8,1.6,23.3,0.511,0.562,0.446,0.825,0.639,0.609,G-F,lavinza01
29,Ja Morant,23.2,50,2024-25,25,MEM,50,50,0,30.4,8.1,17.8,6.3,12.1,1.8,5.7,5.3,6.4,0.7,3.4,4.1,7.3,1.2,0.2,3.7,2.3,23.2,0.454,0.523,0.309,0.824,0.563,0.504,G,moranja01
30,James Harden,22.8,79,2024-25,35,LAC,79,79,1,35.3,6.7,16.4,3.7,7.9,3.0,8.5,6.4,7.3,0.7,5.1,5.8,8.7,1.5,0.7,4.3,2.1,22.8,0.41,0.472,0.352,0.874,0.582,0.501,G,hardeja01
31,DeMar DeRozan,22.2,77,2024-25,35,SAC,77,77,0,35.9,8.1,17.0,7.0,13.7,1.1,3.3,4.9,5.7,0.6,3.2,3.9,4.4,0.8,0.4,1.4,1.9,22.2,0.477,0.513,0.328,0.857,0.569,0.509,G-F,derozde01
32,Jaylen Brown,22.2,63,2024-25,28,BOS,63,63,1,34.3,8.2,17.7,6.4,12.1,1.8,5.7,3.9,5.1,1.3,4.5,5.8,4.5,1.2,0.3,2.6,2.4,22.2,0.463,0.529,0.324,0.764,0.555,0.515,F-G,brownja02
33,Jaren Jackson Jr.,22.2,74,2024-25,25,MEM,74,74,1,29.8,8.0,16.4,6.0,11.1,2.0,5.3,4.2,5.4,1.2,4.4,5.6,2.0,1.2,1.5,2.1,3.5,22.2,0.488,0.541,0.375,0.781,0.591,0.548,F,jacksja02
34,Norman Powell,21.8,60,2024-25,31,LAC,60,60,0,32.6,7.6,15.8,4.6,8.6,3.0,7.1,3.6,4.4,0.4,2.8,3.2,2.1,1.2,0.2,1.8,1.9,21.8,0.484,0.538,0.418,0.804,0.615,0.578,G,powelno01
35,Jalen Williams,21.6,69,2024-25,23,OKC,69,69,1,32.4,8.2,16.9,6.4,12.0,1.8,4.9,3.4,4.3,0.9,4.5,5.3,5.1,1.6,0.7,2.2,2.3,21.6,0.484,0.533,0.365,0.789,0.573,0.537,G,willija06
36,Kawhi Leonard,21.5,37,2024-25,33,LAC,37,37,0,31.9,8.4,16.8,6.3,11.7,2.1,5.1,2.6,3.3,0.9,5.0,5.9,3.1,1.6,0.5,1.9,1.5,21.5,0.498,0.536,0.411,0.81,0.589,0.56,F,leonaka01
37,Jamal Murray,21.4,67,2024-25,27,DEN,67,67,0,36.1,7.9,16.7,5.6,10.8,2.3,5.9,3.3,3.7,0.7,3.2,3.9,6.0,1.4,0.5,2.1,1.9,21.4,0.474,0.518,0.393,0.886,0.584,0.543,G,murraja01
38,Trey Murphy III,21.2,53,2024-25,24,NOP,53,51,0,35.0,7.2,15.8,4.2,7.6,3.0,8.3,3.8,4.3,0.9,4.2,5.1,3.5,1.1,0.7,1.9,2.1,21.2,0.454,0.556,0.361,0.887,0.598,0.548,F,murphtr02
39,CJ McCollum,21.1,56,2024-25,33,NOP,56,56,0,32.7,7.9,17.9,4.9,9.7,3.1,8.2,2.2,3.1,0.8,3.0,3.8,4.1,0.8,0.4,1.9,2.2,21.1,0.444,0.505,0.373,0.717,0.55,0.53,G,mccolcj01
40,RJ Barrett,21.1,58,2024-25,24,TOR,58,58,0,32.2,7.9,16.9,6.1,11.7,1.8,5.3,3.4,5.4,1.1,5.3,6.3,5.4,0.8,0.3,2.8,2.4,21.1,0.468,0.522,0.35,0.63,0.547,0.523,G-F,barrerj01
41,Brandon Miller,21.0,27,2024-25,22,CHO,27,27,0,34.2,7.3,18.2,3.5,7.3,3.9,10.9,2.5,2.9,0.9,3.9,4.9,3.6,1.1,0.7,2.8,2.7,21.0,0.403,0.475,0.355,0.861,0.54,0.509,F-G,millebr02
42,Jalen Green,21.0,82,2024-25,22,HOU,82,82,0,32.9,7.4,17.5,4.6,9.5,2.9,8.1,3.3,4.1,0.5,4.0,4.6,3.4,0.9,0.3,2.5,1.5,21.0,0.423,0.482,0.354,0.813,0.544,0.505,G,greenja05
43,Darius Garland,20.6,75,2024-25,25,CLE,75,75,1,30.7,7.4,15.7,4.6,8.6,2.8,7.1,3.0,3.4,0.6,2.2,2.9,6.7,1.2,0.1,2.5,1.9,20.6,0.472,0.53,0.401,0.878,0.6,0.562,G,garlada01
44,Jordan Poole,20.5,68,2024-25,25,WAS,68,68,0,29.4,6.7,15.5,3.3,6.4,3.5,9.1,3.6,4.0,0.5,2.5,3.0,4.5,1.3,0.4,3.0,3.0,20.5,0.432,0.51,0.378,0.883,0.591,0.544,G,poolejo01
45,Coby White,20.4,74,2024-25,24,CHI,74,73,0,33.1,6.9,15.1,3.9,7.3,2.9,7.9,3.7,4.1,0.3,3.4,3.7,4.5,0.9,0.2,2.4,2.1,20.4,0.453,0.544,0.37,0.902,0.601,0.55,G,whiteco01
46,Miles Bridges,20.3,64,2024-25,26,CHO,64,64,0,31.7,7.3,17.0,5.1,10.0,2.2,7.0,3.5,4.0,1.1,6.4,7.5,3.9,0.7,0.7,2.1,1.5,20.3,0.431,0.513,0.313,0.87,0.541,0.495,G-F,bridgmi02
47,Pascal Siakam,20.2,78,2024-25,30,IND,78,78,1,32.7,7.9,15.2,6.2,11.0,1.6,4.2,2.9,3.9,1.7,5.2,6.9,3.4,0.9,0.5,1.4,2.4,20.2,0.519,0.568,0.389,0.734,0.599,0.572,F-C,siakapa01
48,Austin Reaves,20.2,73,2024-25,26,LAL,73,73,0,34.9,6.5,14.2,3.8,6.9,2.7,7.3,4.4,5.0,0.8,3.7,4.5,5.8,1.1,0.3,2.4,2.1,20.2,0.46,0.547,0.377,0.877,0.616,0.556,G,reaveau01
49,Kristaps Porziņģis,19.5,42,2024-25,29,BOS,42,42,0,28.8,6.6,13.7,4.1,7.7,2.5,6.0,3.8,4.7,1.6,5.1,6.8,2.1,0.7,1.5,1.3,2.8,19.5,0.483,0.537,0.412,0.809,0.618,0.572,F-C,porzikr01
50,Scottie Barnes,19.3,65,2024-25,23,TOR,65,65,0,32.8,7.3,16.4,6.1,12.0,1.2,4.3,3.5,4.6,1.7,6.0,7.7,5.8,1.4,1.0,2.8,1.7,19.3,0.446,0.508,0.271,0.755,0.523,0.482,G-F,barnesc01
51,Anfernee Simons,19.3,70,2024-25,25,POR,70,70,0,32.7,6.8,16.1,3.8,7.6,3.1,8.5,2.5,2.8,0.4,2.3,2.7,4.8,0.9,0.1,2.0,1.7,19.3,0.426,0.496,0.363,0.902,0.557,0.521,G,simonan01
52,Desmond Bane,19.2,69,2024-25,26,MEM,69,68,0,32.0,7.1,14.8,4.8,8.7,2.4,6.1,2.6,2.9,0.9,5.2,6.1,5.3,1.2,0.4,2.4,2.4,19.2,0.484,0.548,0.392,0.894,0.6,0.565,G,banede01
53,Domantas Sabonis,19.1,70,2024-25,28,SAC,70,70,0,34.7,7.5,12.8,6.6,10.5,0.9,2.2,3.1,4.1,3.8,10.1,13.9,6.0,0.7,0.4,2.9,3.3,19.1,0.59,0.627,0.417,0.754,0.655,0.627,C-F,sabondo01
54,Alperen Şengün,19.1,76,2024-25,22,HOU,76,76,1,31.5,7.5,15.0,7.2,13.9,0.3,1.2,3.9,5.6,3.4,6.9,10.3,4.9,1.1,0.8,2.6,2.8,19.1,0.496,0.519,0.233,0.692,0.545,0.505,C-F,sengual01
55,Lauri Markkanen,19.0,47,2024-25,27,UTA,47,47,0,31.4,6.3,14.9,3.4,6.4,2.9,8.5,3.4,3.9,1.5,4.4,5.9,1.5,0.7,0.4,1.4,1.7,19.0,0.423,0.525,0.346,0.876,0.571,0.521,F-C,markkla01
56,John Collins,19.0,40,2024-25,27,UTA,40,31,0,30.5,7.0,13.3,5.5,9.6,1.5,3.7,3.5,4.1,2.2,6.0,8.2,2.0,1.0,1.0,2.6,2.9,19.0,0.527,0.577,0.399,0.848,0.628,0.583,F,collijo01
57,Jalen Johnson,18.9,36,2024-25,23,ATL,36,36,0,35.7,7.5,15.1,6.3,11.1,1.2,3.9,2.6,3.5,1.7,8.3,10.0,5.0,1.6,1.0,2.9,1.9,18.9,0.5,0.566,0.312,0.746,0.569,0.541,F,johnsja05
58,Cameron Johnson,18.8,57,2024-25,28,BRK,57,57,0,31.6,6.2,13.1,3.4,5.9,2.8,7.2,3.5,3.9,0.9,3.4,4.3,3.4,0.9,0.4,1.7,1.8,18.8,0.475,0.578,0.39,0.893,0.632,0.582,F,johnsca02
59,Julius Randle,18.7,69,2024-25,30,MIN,69,69,0,32.3,6.6,13.6,5.0,9.1,1.6,4.6,3.9,4.9,2.1,5.0,7.1,4.7,0.7,0.2,2.8,2.5,18.7,0.485,0.555,0.344,0.806,0.593,0.542,F-C,randlju01
60,Tyrese Haliburton,18.6,73,2024-25,24,IND,73,73,0,33.6,6.5,13.8,3.5,6.1,3.0,7.7,2.6,3.0,0.6,3.0,3.5,9.2,1.4,0.7,1.6,1.3,18.6,0.473,0.581,0.388,0.851,0.616,0.582,G,halibty01
61,Shaedon Sharpe,18.5,72,2024-25,21,POR,72,52,0,31.3,6.9,15.3,4.9,8.8,2.0,6.6,2.6,3.4,0.9,3.6,4.5,2.8,0.9,0.2,2.1,1.7,18.5,0.452,0.557,0.311,0.785,0.551,0.519,G,sharpsh01
62,Evan Mobley,18.5,71,2024-25,23,CLE,71,71,1,30.5,7.1,12.8,5.9,9.5,1.2,3.2,3.1,4.3,2.3,7.0,9.3,3.2,0.9,1.6,2.0,2.0,18.5,0.557,0.621,0.37,0.725,0.633,0.604,F-C,mobleev01
63,Nikola Vučević,18.5,73,2024-25,34,CHI,73,72,0,31.2,7.5,14.2,5.8,9.8,1.8,4.4,1.6,2.0,2.4,7.6,10.1,3.5,0.8,0.7,1.6,2.2,18.5,0.53,0.587,0.402,0.805,0.611,0.592,C,vucevni01
64,Collin Sexton,18.4,63,2024-25,26,UTA,63,61,0,27.9,6.6,13.8,4.9,9.5,1.7,4.3,3.4,4.0,1.0,1.8,2.7,4.2,0.7,0.1,2.5,2.3,18.4,0.48,0.513,0.406,0.865,0.593,0.543,G,sextoco01
65,Michael Porter Jr.,18.2,77,2024-25,26,DEN,77,77,0,33.7,6.9,13.6,4.4,7.3,2.5,6.4,1.9,2.5,1.8,5.2,7.0,2.1,0.6,0.5,1.4,2.0,18.2,0.504,0.599,0.395,0.768,0.617,0.596,F,portemi01
66,Bam Adebayo,18.1,78,2024-25,27,MIA,78,78,0,34.3,6.9,14.3,5.9,11.4,1.0,2.8,3.2,4.2,2.4,7.2,9.6,4.3,1.3,0.7,2.1,2.1,18.1,0.485,0.517,0.357,0.765,0.561,0.521,C-F,adebaba01
67,OG Anunoby,18.0,74,2024-25,27,NYK,74,74,0,36.6,6.6,13.9,4.3,7.7,2.3,6.2,2.5,3.1,1.3,3.5,4.8,2.2,1.5,0.9,1.4,2.3,18.0,0.476,0.561,0.372,0.81,0.591,0.559,F,anunoog01
68,Andrew Wiggins,18.0,60,2024-25,29,MIA,60,60,0,30.7,6.3,14.0,4.1,8.2,2.2,5.8,3.3,4.3,1.5,3.0,4.5,2.6,1.0,0.8,1.7,1.7,18.0,0.448,0.501,0.374,0.763,0.566,0.526,F-G,wiggian01
69,Mikal Bridges,17.6,82,2024-25,28,NYK,82,82,0,37.0,7.2,14.4,5.2,8.8,2.0,5.6,1.2,1.4,0.9,2.3,3.2,3.7,0.9,0.5,1.6,1.5,17.6,0.5,0.594,0.354,0.814,0.585,0.57,F-G,bridgmi01
70,Jaden Ivey,17.6,30,2024-25,22,DET,30,30,0,29.9,6.3,13.8,4.2,8.6,2.1,5.1,2.8,3.9,1.3,2.8,4.1,4.0,0.9,0.4,3.0,2.2,17.6,0.46,0.49,0.409,0.733,0.569,0.536,G,iveyja01
71,Jimmy Butler,17.5,55,2024-25,35,MIA,55,55,0,31.7,5.5,10.9,4.9,9.0,0.6,1.9,6.0,7.1,2.3,3.1,5.4,5.4,1.4,0.3,1.3,0.9,17.5,0.504,0.546,0.308,0.842,0.626,0.531,F-G,butleji01
72,Dejounte Murray,17.5,31,2024-25,28,NOP,31,31,0,32.6,6.3,15.9,4.6,10.3,1.7,5.6,3.3,4.0,0.5,5.9,6.5,7.4,2.0,0.4,3.4,2.0,17.5,0.393,0.444,0.299,0.823,0.494,0.445,G,murrade01
73,Malik Monk,17.2,65,2024-25,26,SAC,65,45,0,31.6,6.3,14.4,4.2,7.9,2.1,6.6,2.4,2.7,0.5,3.3,3.8,5.6,0.9,0.6,2.4,2.4,17.2,0.439,0.534,0.325,0.865,0.549,0.513,G,monkma01
74,Immanuel Quickley,17.1,33,2024-25,25,TOR,33,33,0,27.8,5.6,13.3,3.0,6.5,2.6,6.8,3.4,3.9,0.5,3.1,3.5,5.8,0.7,0.1,1.8,1.8,17.1,0.42,0.465,0.378,0.867,0.57,0.517,G,quickim01
75,Bradley Beal,17.0,53,2024-25,31,PHO,53,38,0,32.1,6.5,13.1,4.6,8.1,1.9,5.0,2.1,2.6,0.6,2.7,3.3,3.7,1.1,0.5,1.9,2.6,17.0,0.497,0.565,0.386,0.803,0.598,0.571,G,bealbr01
76,De'Andre Hunter,17.0,64,2024-25,27,CLE,64,9,0,27.2,5.6,11.9,3.1,5.8,2.5,6.1,3.4,4.0,0.7,3.3,4.0,1.4,0.8,0.2,1.3,2.4,17.0,0.47,0.537,0.405,0.846,0.623,0.573,F,huntede01
77,Deni Avdija,16.9,72,2024-25,24,POR,72,54,0,30.0,5.6,11.7,3.8,7.0,1.7,4.8,4.0,5.2,1.5,5.7,7.3,3.9,1.0,0.5,2.7,2.4,16.9,0.476,0.552,0.365,0.78,0.605,0.55,G-F,avdijde01
78,Keyonte George,16.8,67,2024-25,21,UTA,67,35,0,31.5,5.4,13.7,2.8,6.1,2.6,7.6,3.5,4.3,0.4,3.4,3.8,5.6,0.7,0.1,2.7,1.7,16.8,0.391,0.449,0.343,0.818,0.539,0.485,G,georgke01
79,Ivica Zubac,16.8,80,2024-25,27,LAC,80,80,0,32.8,7.4,11.8,7.4,11.8,0.0,0.0,2.0,3.0,3.8,8.9,12.6,2.7,0.7,1.1,1.6,2.1,16.8,0.628,0.628,0.0,0.661,0.641,0.628,C,zubaciv01
80,Derrick White,16.4,76,2024-25,30,BOS,76,76,0,33.9,5.6,12.6,2.1,3.5,3.5,9.1,1.8,2.1,0.9,3.6,4.5,4.8,0.9,1.1,1.7,1.8,16.4,0.442,0.593,0.384,0.839,0.606,0.58,G,whitede01
81,Malik Beasley,16.3,82,2024-25,28,DET,82,18,0,27.8,5.6,13.1,1.7,3.7,3.9,9.3,1.2,1.7,0.6,2.0,2.6,1.7,0.9,0.1,1.0,1.5,16.3,0.43,0.466,0.416,0.679,0.59,0.579,G,beaslma01
82,Devin Vassell,16.3,64,2024-25,24,SAS,64,53,0,31.0,6.2,13.9,3.7,7.2,2.5,6.7,1.5,1.9,0.5,3.5,4.0,2.9,1.3,0.5,1.4,1.7,16.3,0.443,0.513,0.368,0.792,0.553,0.532,G-F,vassede01
83,Paul George,16.2,41,2024-25,34,PHI,41,41,0,32.5,6.0,13.9,3.6,7.4,2.3,6.5,1.9,2.4,0.6,4.8,5.3,4.3,1.8,0.5,2.6,2.5,16.2,0.43,0.493,0.358,0.814,0.543,0.514,F-G,georgpa01
84,Jordan Clarkson,16.2,37,2024-25,32,UTA,37,9,0,26.0,5.4,13.3,3.2,7.1,2.3,6.3,3.1,3.9,0.7,2.5,3.2,3.7,0.8,0.2,2.3,1.4,16.2,0.408,0.448,0.362,0.797,0.54,0.493,G,clarkjo01
85,Jalen Suggs,16.2,35,2024-25,23,ORL,35,35,0,28.6,5.6,13.7,3.5,6.8,2.2,6.9,2.8,3.1,0.7,3.4,4.0,3.7,1.5,0.9,2.9,2.8,16.2,0.41,0.506,0.314,0.882,0.536,0.489,G,suggsja01
86,Bennedict Mathurin,16.1,72,2024-25,22,IND,72,49,0,29.8,5.4,11.8,4.1,7.8,1.4,4.0,3.8,4.6,1.2,4.1,5.3,1.9,0.7,0.3,1.9,2.3,16.1,0.458,0.519,0.34,0.831,0.579,0.516,G-F,mathube01
87,Myles Turner,15.6,72,2024-25,28,IND,72,72,0,30.2,5.4,11.3,3.3,5.8,2.2,5.5,2.6,3.3,1.3,5.3,6.5,1.5,0.8,2.0,1.7,2.5,15.6,0.481,0.561,0.396,0.773,0.612,0.577,C-F,turnemy01
88,Christian Braun,15.4,79,2024-25,23,DEN,79,77,0,33.9,6.0,10.4,4.9,7.6,1.1,2.8,2.2,2.7,1.2,3.9,5.2,2.6,1.1,0.5,1.0,2.2,15.4,0.58,0.648,0.397,0.827,0.665,0.634,G,braunch01
89,Jared McCain,15.3,23,2024-25,20,PHI,23,8,0,25.7,5.5,11.9,3.3,6.1,2.2,5.8,2.1,2.4,0.6,1.9,2.4,2.6,0.7,0.0,1.6,1.6,15.3,0.46,0.532,0.383,0.875,0.589,0.553,G,mccaija01
90,Jonathan Kuminga,15.3,47,2024-25,22,GSW,47,10,0,24.3,5.5,12.1,4.5,8.9,1.0,3.2,3.3,5.0,1.2,3.4,4.6,2.2,0.8,0.4,1.5,1.9,15.3,0.454,0.508,0.305,0.668,0.535,0.495,F,kuminjo01
91,Mark Williams,15.3,44,2024-25,23,CHO,44,41,0,26.6,6.1,10.2,6.1,10.1,0.0,0.1,3.0,3.7,3.0,7.2,10.2,2.5,0.7,1.2,1.6,2.4,15.3,0.604,0.609,0.0,0.804,0.647,0.604,C,willima07
92,Kelly Oubre Jr.,15.1,60,2024-25,29,PHI,60,57,0,34.6,5.8,12.4,4.6,8.3,1.2,4.0,2.3,3.1,1.6,4.5,6.1,1.8,1.5,0.5,1.3,3.0,15.1,0.47,0.555,0.293,0.751,0.551,0.518,F,oubreke01
93,Chet Holmgren,15.0,32,2024-25,22,OKC,32,32,0,27.4,5.2,10.7,3.8,7.0,1.4,3.6,3.2,4.2,1.5,6.5,8.0,2.0,0.7,2.2,1.8,2.3,15.0,0.49,0.547,0.379,0.754,0.599,0.554,F-C,holmgch01
94,Kyle Kuzma,14.8,65,2024-25,29,WAS,65,62,0,29.8,5.7,13.0,4.2,8.2,1.5,4.8,2.0,3.1,0.8,4.9,5.7,2.3,0.6,0.3,2.2,1.8,14.8,0.436,0.512,0.307,0.634,0.514,0.493,F,kuzmaky01
95,Stephon Castle,14.7,81,2024-25,20,SAS,81,47,0,26.7,5.2,12.2,4.0,8.1,1.2,4.1,3.1,4.2,1.1,2.6,3.7,4.1,0.9,0.3,2.2,2.0,14.7,0.428,0.501,0.285,0.724,0.522,0.476,G,castlst01
96,Aaron Gordon,14.7,51,2024-25,29,DEN,51,42,0,28.4,5.2,9.7,3.7,6.4,1.5,3.4,2.8,3.5,1.6,3.3,4.8,3.2,0.5,0.3,1.4,1.6,14.7,0.531,0.582,0.436,0.81,0.65,0.607,F,gordoaa01
97,P.J. Washington,14.7,57,2024-25,26,DAL,57,56,0,32.2,5.3,11.7,3.7,7.5,1.6,4.2,2.5,3.5,1.4,6.3,7.8,2.3,1.1,1.1,2.1,2.3,14.7,0.453,0.493,0.381,0.722,0.556,0.521,F,washipj01
98,Josh Giddey,14.6,70,2024-25,22,CHI,70,69,0,30.2,5.3,11.4,3.8,7.4,1.5,4.0,2.5,3.2,1.8,6.3,8.1,7.2,1.2,0.6,2.9,1.7,14.6,0.465,0.512,0.378,0.781,0.57,0.531,G,giddejo01
99,Quentin Grimes,14.6,75,2024-25,24,PHI,75,37,0,26.8,5.1,11.0,3.0,5.4,2.2,5.6,2.2,2.9,0.8,3.5,4.3,3.0,1.0,0.3,1.9,1.8,14.6,0.467,0.552,0.385,0.757,0.595,0.565,G,grimequ01
100,Jakob Poeltl,14.5,57,2024-25,29,TOR,57,56,0,29.6,6.4,10.2,6.4,10.1,0.0,0.1,1.7,2.5,3.3,6.3,9.6,2.8,1.2,1.2,1.9,3.1,14.5,0.627,0.628,0.333,0.674,0.641,0.628,C,poeltja01
101,Jerami Grant,14.4,47,2024-25,30,POR,47,47,0,32.4,4.6,12.2,2.3,5.9,2.3,6.3,3.0,3.5,0.6,2.9,3.5,2.1,0.9,1.0,1.4,2.3,14.4,0.373,0.381,0.365,0.849,0.523,0.467,F,grantje01
102,Deandre Ayton,14.4,40,2024-25,26,POR,40,40,0,30.2,6.6,11.7,6.5,10.9,0.2,0.8,1.0,1.5,3.1,7.1,10.2,1.6,0.8,1.0,1.7,2.2,14.4,0.566,0.594,0.188,0.667,0.583,0.573,C,aytonde01
103,Gradey Dick,14.4,54,2024-25,21,TOR,54,54,0,29.4,4.9,12.0,2.8,5.9,2.1,6.0,2.5,2.9,0.8,2.8,3.6,1.8,0.9,0.2,1.5,2.2,14.4,0.41,0.47,0.35,0.858,0.543,0.498,G,dickgr01
104,Payton Pritchard,14.3,80,2024-25,27,BOS,80,3,0,28.4,5.1,10.8,1.9,3.0,3.2,7.8,0.9,1.1,1.3,2.6,3.8,3.5,0.9,0.2,1.0,1.5,14.3,0.472,0.642,0.407,0.845,0.633,0.62,G,pritcpa01
105,Naz Reid,14.2,80,2024-25,25,MIN,80,17,0,27.5,5.3,11.5,3.1,5.8,2.2,5.8,1.4,1.8,1.2,4.9,6.0,2.3,0.7,0.9,1.4,2.4,14.2,0.462,0.544,0.379,0.776,0.577,0.556,F,reidna01
106,Dyson Daniels,14.1,76,2024-25,21,ATL,76,76,0,33.8,6.0,12.1,4.9,9.1,1.1,3.1,1.1,1.8,1.6,4.3,5.9,4.4,3.0,0.7,2.0,2.3,14.1,0.493,0.545,0.34,0.593,0.545,0.536,G,daniedy01
107,Fred VanVleet,14.1,60,2024-25,30,HOU,60,60,0,35.2,4.8,12.7,2.1,5.0,2.7,7.7,1.9,2.3,0.5,3.2,3.7,5.6,1.6,0.4,1.5,2.3,14.1,0.378,0.43,0.345,0.81,0.515,0.483,G,vanvlfr01
108,Amen Thompson,14.1,69,2024-25,22,HOU,69,42,0,32.2,5.6,10.1,5.3,8.8,0.4,1.3,2.4,3.6,2.8,5.4,8.2,3.8,1.4,1.3,2.0,2.4,14.1,0.557,0.599,0.275,0.684,0.602,0.575,G,thompam01
109,Dillon Brooks,14.0,75,2024-25,29,HOU,75,75,0,31.8,5.1,11.9,2.6,5.7,2.5,6.3,1.3,1.6,1.0,2.7,3.7,1.7,0.8,0.2,1.0,3.2,14.0,0.429,0.465,0.397,0.818,0.555,0.533,F-G,brookdi01
110,Klay Thompson,14.0,72,2024-25,34,DAL,72,72,0,27.3,5.0,12.2,2.0,4.5,3.0,7.7,0.9,1.0,0.6,2.8,3.4,2.0,0.7,0.4,1.2,1.1,14.0,0.412,0.448,0.391,0.905,0.552,0.535,G-F,thompkl01
111,Bobby Portis,13.9,49,2024-25,29,MIL,49,7,0,25.4,5.7,12.1,4.3,8.5,1.3,3.6,1.2,1.5,1.8,6.6,8.4,2.1,0.7,0.5,1.2,1.9,13.9,0.466,0.508,0.365,0.836,0.542,0.52,F,portibo01
112,Tobias Harris,13.7,73,2024-25,32,DET,73,73,0,31.6,5.3,11.0,4.0,7.4,1.2,3.6,2.0,2.3,0.9,5.0,5.9,2.2,1.0,0.8,1.2,1.9,13.7,0.477,0.542,0.345,0.861,0.571,0.534,F,harrito02
113,Josh Hart,13.6,77,2024-25,29,NYK,77,77,0,37.6,5.2,10.0,4.2,6.7,1.1,3.3,2.1,2.7,2.1,7.5,9.6,5.9,1.5,0.4,2.1,2.6,13.6,0.525,0.618,0.333,0.776,0.611,0.579,G,hartjo01
114,Jarrett Allen,13.5,82,2024-25,26,CLE,82,82,0,28.0,5.5,7.8,5.5,7.7,0.0,0.1,2.4,3.4,2.6,7.1,9.7,1.9,0.9,0.9,1.2,1.5,13.5,0.706,0.712,0.0,0.718,0.724,0.706,C-F,allenja01
115,Onyeka Okongwu,13.4,74,2024-25,24,ATL,74,40,0,27.9,5.2,9.2,4.6,7.2,0.6,2.0,2.2,2.9,3.0,5.9,8.9,2.3,0.9,0.9,1.2,2.6,13.4,0.567,0.634,0.324,0.759,0.634,0.602,F,okongon01
116,Russell Westbrook,13.3,75,2024-25,36,DEN,75,36,0,27.9,5.0,11.1,3.7,7.2,1.3,3.9,2.1,3.1,1.4,3.6,4.9,6.1,1.4,0.5,3.2,2.5,13.3,0.449,0.517,0.323,0.661,0.532,0.505,G,westbru01
117,Naji Marshall,13.2,69,2024-25,27,DAL,69,31,0,27.8,5.2,10.3,4.4,7.2,0.9,3.2,1.9,2.3,1.1,3.7,4.8,3.0,1.0,0.2,1.6,1.6,13.2,0.508,0.611,0.275,0.813,0.584,0.551,F,marshna01
118,Rui Hachimura,13.1,59,2024-25,26,LAL,59,57,0,31.7,5.0,9.8,3.2,5.6,1.7,4.2,1.5,1.9,1.3,3.7,5.0,1.4,0.8,0.4,0.8,1.8,13.1,0.509,0.581,0.413,0.77,0.619,0.597,F,hachiru01
119,Dennis Schröder,13.1,75,2024-25,31,BRKDETGSW,75,49,0,28.1,4.5,11.0,2.8,6.1,1.7,4.9,2.4,2.9,0.4,2.3,2.6,5.4,0.9,0.2,1.9,2.4,13.1,0.406,0.458,0.342,0.838,0.531,0.483,G,schrode01
120,Brook Lopez,13.0,80,2024-25,36,MIL,80,80,0,31.8,4.9,9.7,3.2,5.0,1.7,4.7,1.4,1.7,1.4,3.6,5.0,1.8,0.6,1.9,1.1,2.1,13.0,0.509,0.636,0.373,0.826,0.624,0.599,C,lopezbr01
121,Alex Sarr,13.0,67,2024-25,19,WAS,67,67,0,27.1,4.9,12.4,3.3,7.3,1.6,5.1,1.7,2.5,1.9,4.6,6.5,2.4,0.7,1.5,1.7,2.2,13.0,0.394,0.454,0.308,0.679,0.482,0.457,F,sarral01
122,Moritz Wagner,12.9,30,2024-25,27,ORL,30,1,0,18.8,4.7,8.3,3.8,5.8,0.9,2.5,2.6,3.7,1.3,3.6,4.9,1.4,0.8,0.4,1.6,1.8,12.9,0.562,0.649,0.36,0.718,0.649,0.616,F-C,wagnemo01
123,Keldon Johnson,12.7,77,2024-25,25,SAS,77,0,0,23.9,4.8,10.0,3.7,6.4,1.1,3.6,1.9,2.5,1.5,3.4,4.8,1.6,0.6,0.3,1.0,1.5,12.7,0.482,0.573,0.318,0.773,0.572,0.538,G,johnske04
124,Malcolm Brogdon,12.7,24,2024-25,32,WAS,24,13,0,23.5,4.3,10.0,3.7,7.7,0.7,2.3,3.4,3.8,0.9,2.9,3.8,4.1,0.5,0.2,1.6,1.3,12.7,0.433,0.478,0.286,0.88,0.544,0.467,G,brogdma01
125,Scoot Henderson,12.7,66,2024-25,20,POR,66,10,0,26.7,4.3,10.4,2.8,5.9,1.6,4.5,2.4,3.1,0.8,2.2,3.0,5.1,1.0,0.2,2.7,2.7,12.7,0.419,0.469,0.354,0.767,0.54,0.496,G,hendesc01
126,D'Angelo Russell,12.6,58,2024-25,28,LAL,58,36,0,25.5,4.3,11.0,2.3,4.8,1.9,6.2,2.1,2.5,0.3,2.4,2.8,5.1,1.0,0.4,1.9,2.0,12.6,0.39,0.489,0.314,0.834,0.522,0.479,G,russeda01
127,Zaccharie Risacher,12.6,75,2024-25,19,ATL,75,73,0,24.6,4.8,10.4,3.1,5.8,1.6,4.6,1.4,2.0,1.1,2.4,3.6,1.2,0.7,0.5,1.2,2.0,12.6,0.458,0.54,0.355,0.711,0.558,0.537,F,risacza01
128,Ty Jerome,12.5,70,2024-25,27,CLE,70,3,0,19.9,4.6,8.8,3.0,5.2,1.6,3.6,1.8,2.1,0.7,1.8,2.5,3.4,1.1,0.0,1.3,1.5,12.5,0.516,0.57,0.439,0.872,0.643,0.606,G,jeromty01
129,Santi Aldama,12.5,65,2024-25,24,MEM,65,16,0,25.5,4.8,10.0,3.0,5.0,1.8,5.0,1.0,1.4,1.4,5.0,6.4,2.9,0.8,0.4,1.1,1.2,12.5,0.483,0.599,0.368,0.691,0.588,0.576,F,aldamsa01
130,Keegan Murray,12.4,76,2024-25,24,SAC,76,76,0,34.3,4.8,10.8,2.8,4.9,2.0,5.9,0.8,0.9,1.9,4.8,6.7,1.4,0.8,0.9,0.8,2.4,12.4,0.444,0.566,0.343,0.833,0.553,0.538,F,murrake02
131,Lonnie Walker IV,12.4,20,2024-25,26,PHI,20,7,0,23.9,4.5,10.6,2.2,4.3,2.3,6.4,1.2,1.5,0.3,2.9,3.2,2.5,0.5,0.3,1.3,1.4,12.4,0.42,0.518,0.354,0.8,0.548,0.526,G,walkelo01
132,Harrison Barnes,12.3,82,2024-25,32,SAS,82,82,0,27.2,4.2,8.3,2.3,3.9,1.9,4.4,2.0,2.4,1.2,2.6,3.8,1.7,0.5,0.2,0.6,0.9,12.3,0.508,0.591,0.433,0.809,0.656,0.622,F,barneha02
133,Bilal Coulibaly,12.3,59,2024-25,20,WAS,59,59,0,33.0,4.5,10.6,3.4,6.8,1.1,3.8,2.3,3.1,1.5,3.4,5.0,3.4,1.3,0.7,2.1,2.4,12.3,0.421,0.5,0.281,0.746,0.515,0.472,F,coulibi01
134,Ayo Dosunmu,12.3,46,2024-25,25,CHI,46,26,0,30.3,4.8,9.8,3.5,5.7,1.3,4.1,1.3,1.7,0.6,2.9,3.5,4.5,0.9,0.4,1.5,2.3,12.3,0.492,0.612,0.328,0.785,0.585,0.561,G,dosunay01
135,Daniel Gafford,12.3,57,2024-25,26,DAL,57,31,0,21.5,5.0,7.1,5.0,7.1,0.0,0.0,2.4,3.4,2.7,4.1,6.8,1.4,0.4,1.8,1.2,2.7,12.3,0.702,0.702,0.0,0.689,0.716,0.702,C-F,gaffoda01
136,Jabari Smith Jr.,12.2,57,2024-25,21,HOU,57,39,0,30.1,4.4,9.9,2.6,5.1,1.7,4.9,1.8,2.2,1.8,5.2,7.0,1.1,0.4,0.7,1.1,2.2,12.2,0.438,0.519,0.354,0.825,0.562,0.525,F,smithja05
137,Jaden McDaniels,12.2,82,2024-25,24,MIN,82,82,0,31.9,4.9,10.2,3.6,6.5,1.2,3.7,1.3,1.6,1.6,4.2,5.7,2.0,1.3,0.9,1.2,2.7,12.2,0.477,0.561,0.33,0.813,0.562,0.537,F,mcdanja02
138,Caris LeVert,12.1,64,2024-25,30,CLE,64,3,0,24.9,4.4,9.4,2.7,4.9,1.7,4.4,1.7,2.4,0.6,2.5,3.2,3.4,0.9,0.5,1.2,1.5,12.1,0.467,0.552,0.373,0.71,0.582,0.556,G-F,leverca01
139,Tari Eason,12.0,57,2024-25,23,HOU,57,16,0,24.9,4.8,9.8,3.7,6.6,1.1,3.2,1.4,1.8,2.2,4.1,6.4,1.5,1.7,0.9,1.1,2.4,12.0,0.487,0.557,0.342,0.76,0.567,0.543,F,easonta01
140,Rudy Gobert,12.0,72,2024-25,32,MIN,72,72,0,33.2,4.7,7.1,4.7,7.1,0.0,0.0,2.6,3.8,3.7,7.2,10.9,1.8,0.8,1.4,1.2,2.5,12.0,0.669,0.669,0.0,0.674,0.687,0.669,C,goberru01
141,Aaron Wiggins,12.0,76,2024-25,26,OKC,76,26,0,22.9,4.7,9.6,3.0,5.1,1.7,4.5,1.0,1.2,1.1,2.8,3.9,1.8,0.8,0.2,0.9,1.3,12.0,0.488,0.578,0.383,0.831,0.596,0.577,G,wiggiaa01
142,Aaron Nesmith,12.0,45,2024-25,25,IND,45,37,0,25.0,4.3,8.4,2.4,4.1,1.9,4.3,1.6,1.8,0.8,3.1,4.0,1.2,0.8,0.4,0.8,2.5,12.0,0.507,0.587,0.431,0.913,0.653,0.617,G-F,nesmiaa01
143,Khris Middleton,11.9,37,2024-25,33,WAS,37,21,0,22.8,4.3,9.1,3.0,5.5,1.3,3.6,1.9,2.3,0.4,3.4,3.7,4.1,0.9,0.2,1.5,2.0,11.9,0.475,0.549,0.361,0.857,0.588,0.546,F-G,middlkh01
144,Jalen Duren,11.8,78,2024-25,21,DET,78,78,0,26.1,4.8,7.0,4.8,7.0,0.0,0.0,2.1,3.1,3.6,6.8,10.3,2.7,0.7,1.1,1.7,3.2,11.8,0.692,0.692,0.0,0.669,0.703,0.692,C,durenja01
145,Brandin Podziemski,11.7,64,2024-25,21,GSW,64,33,0,26.8,4.4,9.8,2.6,5.0,1.8,4.8,1.1,1.5,1.0,4.1,5.1,3.4,1.1,0.2,1.2,1.5,11.7,0.445,0.516,0.372,0.758,0.557,0.537,G,podzibr01
146,Donte DiVincenzo,11.7,62,2024-25,28,MIN,62,10,0,25.9,4.0,9.6,1.2,2.5,2.8,7.1,0.8,1.0,0.5,3.2,3.7,3.6,1.2,0.3,1.6,1.8,11.7,0.422,0.49,0.397,0.778,0.582,0.568,G,divindo01
147,Corey Kispert,11.6,61,2024-25,25,WAS,61,0,0,26.3,4.2,9.3,2.2,3.9,2.0,5.4,1.2,1.4,0.6,2.4,3.0,1.7,0.4,0.2,1.0,1.6,11.6,0.451,0.574,0.364,0.852,0.584,0.558,G-F,kispeco01
148,Jeremy Sochan,11.4,54,2024-25,21,SAS,54,23,0,25.3,4.6,8.7,4.1,7.0,0.5,1.7,1.6,2.3,2.4,4.2,6.5,2.4,0.8,0.5,1.6,2.4,11.4,0.535,0.59,0.308,0.696,0.589,0.565,F-G,sochaje01
149,Toumani Camara,11.3,78,2024-25,24,POR,78,78,0,32.7,4.2,9.2,2.5,4.6,1.7,4.6,1.2,1.6,2.2,3.6,5.8,2.2,1.5,0.6,1.4,2.9,11.3,0.458,0.542,0.375,0.722,0.572,0.552,F,camarto01
150,Isaiah Hartenstein,11.2,57,2024-25,26,OKC,57,53,0,27.9,4.9,8.4,4.9,8.1,0.0,0.3,1.4,2.1,2.9,7.9,10.7,3.8,0.8,1.1,1.7,3.0,11.2,0.581,0.605,0.0,0.675,0.599,0.581,F,harteis01
151,Gary Trent Jr.,11.1,74,2024-25,26,MIL,74,9,0,25.6,3.8,8.9,1.4,3.0,2.4,5.9,1.1,1.2,0.3,2.0,2.3,1.2,1.0,0.1,0.6,1.7,11.1,0.431,0.46,0.416,0.848,0.591,0.568,G,trentga02
152,Buddy Hield,11.1,82,2024-25,32,GSW,82,22,0,22.7,4.0,9.6,1.5,2.9,2.5,6.7,0.6,0.8,0.6,2.6,3.2,1.6,0.8,0.3,1.1,1.6,11.1,0.417,0.527,0.37,0.828,0.56,0.546,G-F,hieldbu01
153,Jrue Holiday,11.1,62,2024-25,34,BOS,62,62,0,30.6,4.1,9.2,2.4,4.3,1.7,4.9,1.1,1.2,1.2,3.0,4.3,3.9,1.1,0.4,1.2,1.6,11.1,0.443,0.547,0.353,0.909,0.565,0.538,G,holidjr01
154,Walker Kessler,11.1,58,2024-25,23,UTA,58,58,0,30.0,4.8,7.2,4.7,6.6,0.1,0.6,1.4,2.6,4.6,7.6,12.2,1.7,0.6,2.4,1.5,2.2,11.1,0.663,0.706,0.176,0.52,0.66,0.671,C,kesslwa01
155,Duncan Robinson,11.0,74,2024-25,30,MIA,74,37,0,24.1,3.9,9.0,1.4,2.4,2.6,6.5,0.6,0.7,0.2,2.0,2.3,2.4,0.5,0.1,1.2,1.8,11.0,0.437,0.556,0.393,0.887,0.595,0.581,G-F,robindu01
156,Spencer Dinwiddie,11.0,79,2024-25,31,DAL,79,30,0,27.0,3.6,8.6,2.2,4.5,1.4,4.1,2.5,3.1,0.2,2.4,2.6,4.4,0.9,0.2,1.3,1.5,11.0,0.416,0.492,0.334,0.802,0.553,0.496,G,dinwisp01
157,Guerschon Yabusele,11.0,70,2024-25,29,PHI,70,43,0,27.1,4.0,8.0,2.5,4.1,1.5,3.9,1.4,2.0,1.9,3.7,5.6,2.1,0.8,0.3,1.2,2.3,11.0,0.501,0.616,0.38,0.725,0.616,0.593,F-C,yabusgu01
158,Tim Hardaway Jr.,11.0,77,2024-25,32,DET,77,77,0,28.0,3.6,8.8,1.4,2.9,2.2,5.9,1.6,1.9,0.2,2.1,2.4,1.6,0.5,0.1,0.6,1.2,11.0,0.406,0.484,0.368,0.855,0.567,0.529,G,hardati02
159,Brice Sensabaugh,10.9,71,2024-25,21,UTA,71,15,0,20.2,3.9,8.4,1.7,3.2,2.2,5.2,0.9,1.0,0.6,2.4,3.0,1.5,0.6,0.1,1.5,1.6,10.9,0.459,0.52,0.422,0.89,0.612,0.59,F,sensabr01
160,Bogdan Bogdanović,10.8,54,2024-25,32,LAC,54,4,0,25.0,3.9,9.1,1.9,3.8,1.9,5.4,1.1,1.2,0.4,2.5,2.9,2.7,0.8,0.2,1.4,2.4,10.8,0.427,0.517,0.363,0.879,0.559,0.534,G,bogdabo01
161,Jordan Hawkins,10.8,56,2024-25,22,NOP,56,9,0,23.6,3.7,9.9,1.7,4.0,2.0,5.9,1.4,1.8,0.4,2.4,2.8,1.2,0.5,0.4,1.0,0.9,10.8,0.372,0.433,0.331,0.816,0.504,0.471,G,hawkijo01
162,Nikola Jović,10.7,46,2024-25,21,MIA,46,10,0,25.1,3.7,8.2,2.0,3.6,1.7,4.6,1.6,1.9,0.6,3.3,3.9,2.8,0.8,0.3,1.3,1.8,10.7,0.456,0.563,0.371,0.828,0.595,0.56,G-F,jovicni01
163,Brandon Boston Jr.,10.7,42,2024-25,23,NOP,42,10,0,23.6,4.0,9.1,2.8,5.7,1.2,3.3,1.6,2.0,0.7,2.5,3.2,2.2,1.3,0.2,1.2,1.7,10.7,0.436,0.485,0.35,0.788,0.535,0.5,G-F,bostobr01
164,Grayson Allen,10.6,64,2024-25,29,PHO,64,7,0,24.1,3.4,7.6,1.1,2.2,2.3,5.5,1.5,1.8,0.5,2.5,3.0,2.1,0.8,0.3,1.2,1.5,10.6,0.448,0.504,0.426,0.816,0.631,0.6,G,allengr01
165,Keon Johnson,10.6,79,2024-25,22,BRK,79,56,0,24.4,3.8,9.9,2.2,4.8,1.6,5.1,1.4,1.8,0.8,3.0,3.8,2.2,1.0,0.4,1.5,2.6,10.6,0.389,0.468,0.314,0.77,0.499,0.47,G,johnske07
166,Terry Rozier,10.6,64,2024-25,30,MIA,64,23,0,25.9,3.9,9.9,2.5,5.1,1.4,4.8,1.4,1.7,0.7,3.0,3.7,2.6,0.6,0.2,1.2,1.1,10.6,0.391,0.48,0.295,0.852,0.497,0.462,G,roziete01
167,Obi Toppin,10.5,79,2024-25,26,IND,79,4,0,19.6,4.0,7.6,2.6,3.8,1.4,3.8,1.1,1.4,0.7,3.3,4.0,1.6,0.6,0.4,0.9,1.4,10.5,0.529,0.695,0.365,0.781,0.642,0.621,F,toppiob01
168,Ochai Agbaji,10.4,64,2024-25,24,TOR,64,45,0,27.2,4.2,8.3,2.6,4.4,1.6,4.0,0.5,0.8,1.0,2.8,3.8,1.5,0.9,0.5,0.8,2.0,10.4,0.498,0.587,0.399,0.708,0.601,0.593,G,agbajoc01
169,Jaylen Wells,10.4,79,2024-25,21,MEM,79,74,0,25.9,3.6,8.6,1.9,3.6,1.7,5.0,1.4,1.7,1.1,2.3,3.4,1.7,0.6,0.1,0.9,1.8,10.4,0.425,0.525,0.352,0.822,0.56,0.527,F,wellsja01
170,Jonas Valančiūnas,10.4,81,2024-25,32,WAS,81,21,0,18.8,4.3,7.7,4.2,7.3,0.1,0.5,1.8,2.0,2.3,5.4,7.7,2.0,0.5,0.6,1.5,2.2,10.4,0.55,0.571,0.216,0.879,0.602,0.557,C,valanjo01
171,Nic Claxton,10.3,70,2024-25,25,BRK,70,62,0,26.9,4.6,8.1,4.5,7.8,0.1,0.3,1.1,2.2,2.2,5.1,7.4,2.2,0.9,1.4,1.2,2.1,10.3,0.563,0.576,0.238,0.513,0.569,0.568,C,claxtni01
172,Jose Alvarado,10.3,56,2024-25,26,NOP,56,23,0,24.4,3.6,9.3,1.7,3.8,2.0,5.5,1.1,1.3,0.5,1.9,2.4,4.6,1.3,0.3,1.5,1.6,10.3,0.392,0.439,0.359,0.811,0.523,0.498,G,alvarjo01
173,Kevin Porter Jr.,10.3,75,2024-25,24,MIL,75,4,0,19.8,3.9,8.7,3.2,6.3,0.7,2.4,1.7,2.3,0.6,3.1,3.7,3.4,1.1,0.2,1.8,1.6,10.3,0.449,0.501,0.311,0.769,0.531,0.492,G,porteke02
174,Herbert Jones,10.3,20,2024-25,26,NOP,20,20,0,32.4,3.8,8.6,2.7,5.0,1.1,3.6,1.7,2.0,1.1,2.8,3.9,3.3,1.9,0.5,1.8,3.3,10.3,0.436,0.53,0.306,0.825,0.541,0.5,F,joneshe01
175,Tyus Jones,10.2,81,2024-25,28,PHO,81,58,0,26.8,3.8,8.4,1.7,3.5,2.0,5.0,0.6,0.7,0.5,1.9,2.4,5.3,0.9,0.1,1.1,0.8,10.2,0.448,0.496,0.414,0.895,0.585,0.57,G,jonesty01
176,Trendon Watford,10.2,44,2024-25,24,BRK,44,6,0,20.8,3.7,8.0,3.1,6.0,0.7,2.0,2.1,2.8,0.8,2.8,3.6,2.6,0.6,0.3,1.9,2.2,10.2,0.469,0.515,0.33,0.762,0.557,0.51,F,watfotr01
177,Isaiah Joe,10.2,74,2024-25,25,OKC,74,16,0,21.7,3.5,7.9,0.9,1.6,2.6,6.3,0.6,0.8,0.6,2.1,2.6,1.6,0.6,0.1,0.5,1.5,10.2,0.44,0.549,0.412,0.821,0.617,0.604,G,joeis01
178,Derrick Jones Jr.,10.1,77,2024-25,27,LAC,77,55,0,24.3,4.0,7.6,3.0,4.8,1.0,2.8,1.1,1.5,1.2,2.2,3.4,0.8,1.0,0.4,0.9,2.0,10.1,0.526,0.627,0.356,0.703,0.609,0.593,F,jonesde02
179,Luguentz Dort,10.1,71,2024-25,25,OKC,71,71,0,29.2,3.6,8.4,1.2,2.5,2.4,5.8,0.5,0.6,1.3,2.9,4.1,1.6,1.1,0.5,0.7,2.9,10.1,0.435,0.489,0.412,0.717,0.586,0.578,G,dortlu01
180,Justin Edwards,10.1,44,2024-25,21,PHI,44,26,0,26.3,3.9,8.6,2.3,4.3,1.6,4.3,0.7,1.0,1.0,2.3,3.4,1.6,1.0,0.4,1.1,2.2,10.1,0.455,0.548,0.363,0.696,0.559,0.546,G,edwarju01
181,Ausar Thompson,10.1,59,2024-25,22,DET,59,48,0,22.5,4.2,7.8,4.0,7.0,0.2,0.8,1.5,2.4,1.9,3.3,5.1,2.3,1.7,0.7,1.4,2.8,10.1,0.535,0.572,0.224,0.641,0.568,0.547,G,thompau01
182,Andrew Nembhard,10.0,65,2024-25,25,IND,65,65,0,28.9,3.8,8.3,3.0,5.6,0.8,2.7,1.7,2.1,0.5,2.8,3.3,5.0,1.2,0.2,1.7,2.3,10.0,0.458,0.538,0.291,0.794,0.545,0.506,G,nembhan01
183,Chris Boucher,10.0,50,2024-25,32,TOR,50,0,0,17.2,3.6,7.4,2.2,3.5,1.4,3.9,1.4,1.7,1.4,3.1,4.5,0.7,0.5,0.5,0.6,1.4,10.0,0.492,0.633,0.363,0.782,0.615,0.586,F,bouchch01
184,Ziaire Williams,10.0,63,2024-25,23,BRK,63,45,0,24.5,3.4,8.3,1.8,3.5,1.6,4.8,1.6,2.0,1.0,3.6,4.6,1.3,1.0,0.4,1.1,2.4,10.0,0.412,0.509,0.341,0.821,0.55,0.511,F,willizi02
185,Julian Champagnie,9.9,82,2024-25,23,SAS,82,29,0,23.6,3.4,8.1,1.2,2.3,2.2,5.9,1.0,1.1,0.8,3.1,3.9,1.4,0.7,0.4,0.9,1.4,9.9,0.415,0.53,0.371,0.904,0.577,0.549,F,champju02
186,Georges Niang,9.9,79,2024-25,31,CLE,79,3,0,21.5,3.6,7.8,1.5,2.7,2.1,5.2,0.6,0.7,0.6,2.8,3.4,1.4,0.4,0.2,1.0,2.5,9.9,0.461,0.569,0.406,0.793,0.607,0.595,F,niangge01
187,Kevin Huerter,9.9,69,2024-25,26,SAC,69,31,0,24.3,3.7,8.8,1.8,3.1,1.9,5.7,0.5,0.7,0.4,2.5,3.0,2.3,1.0,0.3,1.0,1.8,9.9,0.425,0.587,0.338,0.714,0.544,0.535,G,huertke01
188,Scotty Pippen Jr.,9.9,79,2024-25,24,MEM,79,21,0,21.3,3.6,7.5,2.5,4.7,1.1,2.8,1.5,2.2,0.8,2.5,3.3,4.4,1.3,0.4,1.7,2.6,9.9,0.48,0.528,0.397,0.713,0.582,0.553,G,pippesc02
189,Nick Smith Jr.,9.9,60,2024-25,20,CHO,60,27,0,22.8,3.7,9.5,2.0,4.4,1.7,5.1,0.7,0.8,0.2,1.9,2.1,2.4,0.3,0.1,1.4,1.3,9.9,0.391,0.45,0.34,0.935,0.502,0.482,G,smithni01
190,Bub Carrington,9.8,82,2024-25,19,WAS,82,57,0,30.0,3.7,9.1,2.0,4.2,1.7,5.0,0.8,1.0,0.4,3.8,4.2,4.4,0.7,0.3,1.7,2.3,9.8,0.401,0.475,0.339,0.812,0.514,0.493,G,carrica01
191,Moses Moody,9.8,74,2024-25,22,GSW,74,34,0,22.3,3.3,7.7,1.6,3.1,1.7,4.6,1.4,1.8,0.7,1.9,2.6,1.3,0.8,0.4,0.7,1.6,9.8,0.433,0.519,0.374,0.797,0.578,0.544,G,moodymo01
192,Amir Coffey,9.7,72,2024-25,27,LAC,72,13,0,24.3,3.3,7.1,1.9,3.7,1.4,3.4,1.6,1.8,0.4,1.8,2.2,1.1,0.6,0.1,0.6,1.7,9.7,0.471,0.529,0.409,0.891,0.614,0.57,G,coffeam01
193,Max Christie,9.6,78,2024-25,21,LAL,78,36,0,27.3,3.2,7.6,1.8,3.5,1.5,4.0,1.7,1.9,0.5,2.8,3.3,1.9,0.8,0.4,1.1,1.5,9.6,0.427,0.496,0.366,0.855,0.57,0.525,G,chrisma02
194,Kyle Filipowski,9.6,72,2024-25,21,UTA,72,27,0,21.1,3.6,7.2,2.5,4.1,1.1,3.1,1.3,2.0,1.6,4.6,6.1,1.9,0.7,0.3,1.4,2.4,9.6,0.502,0.614,0.35,0.65,0.594,0.576,F-C,filipky01
195,Miles McBride,9.5,64,2024-25,24,NYK,64,10,0,24.9,3.5,8.5,1.7,3.7,1.8,4.9,0.8,1.0,0.7,1.8,2.5,2.9,1.0,0.3,0.6,1.7,9.5,0.406,0.455,0.369,0.813,0.531,0.511,G,mcbrimi01
196,Tosan Evbuomwan,9.5,28,2024-25,23,BRK,28,0,0,23.8,3.4,7.9,2.5,5.1,0.9,2.8,2.0,2.6,1.1,3.1,4.3,2.0,0.9,0.4,1.4,2.0,9.5,0.427,0.49,0.312,0.753,0.53,0.482,F,evbuoto01
197,Jalen Wilson,9.5,79,2024-25,24,BRK,79,22,0,25.7,3.1,7.8,1.6,3.3,1.5,4.6,1.7,2.1,0.9,2.5,3.4,1.8,0.5,0.1,1.0,2.1,9.5,0.397,0.481,0.337,0.818,0.541,0.495,F,wilsoja03
198,Anthony Black,9.4,78,2024-25,21,ORL,78,10,0,24.2,3.4,7.9,2.6,5.4,0.8,2.5,1.9,2.5,0.7,2.3,2.9,3.1,1.1,0.6,1.8,2.1,9.4,0.423,0.471,0.318,0.761,0.521,0.473,G,blackan01
199,Tristan Vukcevic,9.4,35,2024-25,21,WAS,35,1,0,14.7,3.4,6.9,2.3,4.0,1.1,2.9,1.5,1.9,0.7,3.0,3.7,1.1,0.3,0.7,1.2,1.6,9.4,0.496,0.586,0.373,0.776,0.608,0.574,F-C,vukcetr01
200,Nickeil Alexander-Walker,9.4,82,2024-25,26,MIN,82,10,0,25.3,3.3,7.5,1.6,3.0,1.7,4.5,1.1,1.4,0.7,2.6,3.2,2.7,0.6,0.4,1.2,1.7,9.4,0.438,0.524,0.381,0.78,0.579,0.553,G,alexani01
201,Max Strus,9.4,50,2024-25,28,CLE,50,37,0,25.5,3.3,7.5,1.0,1.6,2.3,5.9,0.6,0.7,1.1,3.3,4.3,3.2,0.5,0.2,1.1,2.1,9.4,0.442,0.65,0.386,0.824,0.607,0.594,G,strusma01
202,Cole Anthony,9.4,67,2024-25,24,ORL,67,22,0,18.4,3.4,8.1,2.3,4.9,1.1,3.3,1.4,1.7,0.7,2.4,3.0,2.9,0.7,0.5,1.5,2.3,9.4,0.424,0.471,0.353,0.823,0.531,0.494,G,anthoco01
203,Cam Whitmore,9.4,51,2024-25,20,HOU,51,3,0,16.2,3.5,7.9,2.2,4.3,1.3,3.6,1.1,1.4,0.7,2.3,3.0,1.0,0.6,0.3,0.9,0.9,9.4,0.444,0.518,0.355,0.75,0.549,0.525,F,whitmca01
204,Kel'el Ware,9.3,64,2024-25,20,MIA,64,36,0,22.2,4.0,7.3,3.5,5.5,0.5,1.7,0.7,1.0,1.8,5.6,7.4,0.9,0.6,1.1,0.9,1.7,9.3,0.554,0.629,0.315,0.687,0.603,0.592,C,wareke01
205,Nick Richards,9.3,57,2024-25,27,PHO,57,43,0,22.0,3.6,6.1,3.6,6.1,0.0,0.0,2.1,2.8,2.6,5.6,8.2,0.9,0.2,1.0,1.4,2.5,9.3,0.591,0.594,0.0,0.744,0.634,0.591,F-C,richani01
206,Zach Edey,9.2,66,2024-25,22,MEM,66,55,0,21.5,3.8,6.6,3.5,5.8,0.3,0.8,1.4,1.9,3.5,4.8,8.3,1.0,0.5,1.3,1.3,2.8,9.2,0.58,0.612,0.346,0.709,0.624,0.6,C,edeyza01
207,Noah Clowney,9.1,46,2024-25,20,BRK,46,20,0,22.7,2.9,8.1,1.0,2.4,1.9,5.7,1.5,1.7,0.9,3.0,3.9,0.9,0.5,0.5,1.0,2.3,9.1,0.358,0.414,0.333,0.838,0.516,0.474,F,clownno01
208,T.J. McConnell,9.1,79,2024-25,32,IND,79,1,0,17.9,4.1,7.9,3.9,7.3,0.2,0.6,0.7,1.0,0.6,1.9,2.4,4.4,1.1,0.3,1.4,1.0,9.1,0.519,0.537,0.306,0.74,0.547,0.531,G,mccontj01
209,Yves Missi,9.1,73,2024-25,20,NOP,73,67,0,26.8,3.7,6.7,3.7,6.7,0.0,0.0,1.7,2.8,3.5,4.7,8.2,1.4,0.5,1.3,1.1,2.0,9.1,0.547,0.548,0.0,0.623,0.572,0.547,C,missiyv01
210,Wendell Carter Jr.,9.1,68,2024-25,25,ORL,68,51,0,25.9,3.3,7.2,2.8,4.9,0.5,2.3,1.9,2.6,2.2,5.0,7.2,2.0,0.8,0.6,1.1,2.9,9.1,0.46,0.568,0.234,0.737,0.544,0.498,C,cartewe01
211,A.J. Lawson,9.1,26,2024-25,24,TOR,26,2,0,18.7,3.1,7.3,1.8,3.4,1.3,3.9,1.7,2.4,0.8,2.5,3.3,1.2,0.5,0.2,0.6,1.7,9.1,0.421,0.528,0.327,0.683,0.542,0.508,G,lawsoaj01
212,Royce O'Neale,9.1,75,2024-25,31,PHO,75,22,0,24.5,3.2,7.6,0.8,1.7,2.4,5.9,0.3,0.3,0.7,3.9,4.7,2.2,0.9,0.5,0.9,2.0,9.1,0.423,0.481,0.406,0.731,0.585,0.58,F,onealro01
213,Dalton Knecht,9.1,78,2024-25,23,LAL,78,16,0,19.2,3.3,7.1,1.7,2.8,1.6,4.4,0.8,1.1,0.5,2.3,2.8,0.8,0.3,0.1,0.5,1.2,9.1,0.461,0.594,0.376,0.762,0.594,0.576,G,knechda01
214,Julian Strawther,9.0,65,2024-25,22,DEN,65,4,0,21.3,3.2,7.5,1.8,3.3,1.4,4.1,1.1,1.4,0.3,1.9,2.2,1.3,0.6,0.2,0.9,2.3,9.0,0.432,0.535,0.349,0.822,0.559,0.529,F,strawju01
215,Jared Butler,9.0,60,2024-25,24,WAS,60,17,0,17.4,3.4,7.6,2.4,4.7,1.0,2.8,1.3,1.5,0.4,1.4,1.8,3.7,0.7,0.2,1.3,1.6,9.0,0.448,0.504,0.355,0.824,0.549,0.514,G,butleja02
216,Draymond Green,9.0,68,2024-25,34,GSW,68,66,0,29.2,3.2,7.5,2.0,3.9,1.2,3.6,1.5,2.2,1.1,5.0,6.1,5.6,1.5,1.0,2.6,3.2,9.0,0.424,0.517,0.325,0.687,0.534,0.503,F,greendr01
217,Patrick Williams,9.0,63,2024-25,23,CHI,63,36,0,25.0,3.3,8.2,1.7,3.9,1.5,4.3,1.0,1.3,0.7,3.1,3.8,2.0,0.8,0.5,1.4,1.4,9.0,0.397,0.447,0.353,0.723,0.512,0.49,F,willipa01
218,Marcus Smart,9.0,34,2024-25,30,WAS,34,7,0,20.0,3.0,7.6,1.5,3.4,1.4,4.1,1.6,2.1,0.5,1.6,2.1,3.2,1.1,0.3,1.6,1.6,9.0,0.393,0.448,0.348,0.761,0.529,0.488,G,smartma01
219,Al Horford,9.0,60,2024-25,38,BOS,60,42,0,27.7,3.3,7.7,1.4,2.5,1.9,5.2,0.6,0.6,1.3,4.8,6.2,2.1,0.6,0.9,0.8,1.4,9.0,0.423,0.551,0.363,0.895,0.563,0.547,C-F,horfoal01
220,Johnny Juzang,8.9,64,2024-25,23,UTA,64,18,0,19.8,3.2,7.4,1.3,2.5,1.8,4.9,0.7,0.8,0.7,2.2,2.9,1.1,0.6,0.1,0.6,2.0,8.9,0.429,0.534,0.376,0.849,0.573,0.554,G,juzanjo01
221,Jusuf Nurkić,8.9,51,2024-25,30,PHO,51,32,0,20.8,3.3,6.9,2.7,4.8,0.6,2.1,1.7,2.5,1.7,6.1,7.8,2.3,0.8,0.7,1.9,2.5,8.9,0.477,0.551,0.305,0.664,0.555,0.523,C,nurkiju01
222,Clint Capela,8.9,55,2024-25,30,ATL,55,41,0,21.4,4.0,7.1,4.0,7.1,0.0,0.0,0.9,1.8,3.2,5.4,8.5,1.1,0.6,1.0,0.9,1.9,8.9,0.559,0.56,0.0,0.536,0.564,0.559,C,capelca01
223,Luke Kennard,8.9,65,2024-25,28,MEM,65,11,0,22.6,3.2,6.6,1.4,2.6,1.7,4.0,0.8,0.9,0.6,2.2,2.8,3.3,0.8,0.1,1.1,0.9,8.9,0.478,0.547,0.433,0.895,0.631,0.609,G,kennalu01
224,Chris Paul,8.8,82,2024-25,39,SAS,82,82,0,28.0,3.0,7.1,1.3,2.6,1.7,4.5,1.0,1.1,0.4,3.2,3.6,7.4,1.3,0.3,1.6,1.8,8.8,0.427,0.514,0.377,0.924,0.58,0.547,G,paulch01
225,Svi Mykhailiuk,8.8,38,2024-25,27,UTA,38,13,0,20.0,3.1,7.9,1.3,2.6,1.8,5.3,0.7,0.9,0.6,1.8,2.4,2.0,0.5,0.2,1.4,1.1,8.8,0.391,0.485,0.345,0.8,0.526,0.507,G-F,mykhasv01
226,Justin Champagnie,8.8,62,2024-25,23,WAS,62,31,0,21.6,3.4,6.6,2.2,3.5,1.2,3.1,0.8,1.2,1.8,3.9,5.7,1.0,1.0,0.6,0.9,1.8,8.8,0.511,0.624,0.383,0.685,0.614,0.601,F,champju01
227,Kentavious Caldwell-Pope,8.7,77,2024-25,31,ORL,77,77,0,29.6,3.1,7.1,1.6,2.8,1.5,4.3,1.1,1.2,0.4,1.8,2.2,1.8,1.3,0.4,0.8,1.8,8.7,0.439,0.589,0.342,0.863,0.574,0.543,G,caldwke01
228,Kelly Olynyk,8.7,44,2024-25,33,TOR,44,22,0,20.3,3.0,6.1,2.3,4.3,0.8,1.8,1.9,2.5,1.4,3.3,4.7,2.9,0.8,0.4,1.7,2.8,8.7,0.5,0.534,0.418,0.769,0.609,0.562,C-F,olynyke01
229,Dereck Lively II,8.7,36,2024-25,20,DAL,36,29,0,23.1,3.7,5.3,3.7,5.3,0.0,0.0,1.3,2.0,2.9,4.6,7.5,2.4,0.6,1.6,1.1,2.8,8.7,0.702,0.702,0.0,0.63,0.704,0.702,C,livelde01
230,Tyrese Martin,8.7,60,2024-25,25,BRK,60,11,0,21.9,3.2,7.8,1.5,3.1,1.7,4.7,0.8,1.0,1.0,2.7,3.7,2.0,0.6,0.2,1.2,1.3,8.7,0.406,0.492,0.351,0.793,0.533,0.513,G,martity01
231,Dorian Finney-Smith,8.7,63,2024-25,31,LAL,63,40,0,28.9,3.1,6.9,1.0,1.9,2.0,5.0,0.5,0.7,1.3,2.7,3.9,1.4,0.9,0.4,0.9,2.2,8.7,0.448,0.545,0.411,0.667,0.604,0.597,F,finnedo01
232,Jaden Hardy,8.7,57,2024-25,22,DAL,57,3,0,15.9,3.2,7.3,1.8,3.8,1.3,3.5,1.1,1.5,0.2,1.4,1.6,1.4,0.5,0.1,1.4,1.6,8.7,0.435,0.479,0.386,0.698,0.549,0.527,G,hardyja02
233,Dante Exum,8.7,20,2024-25,29,DAL,20,13,0,18.6,3.2,6.7,2.1,4.1,1.2,2.7,1.2,1.6,0.2,1.5,1.7,2.8,0.6,0.2,1.1,1.7,8.7,0.478,0.506,0.434,0.742,0.589,0.563,G,exumda01
234,Kyshawn George,8.7,68,2024-25,21,WAS,68,38,0,26.5,3.0,8.0,1.3,2.8,1.7,5.2,1.0,1.4,0.7,3.5,4.2,2.5,1.0,0.7,1.4,3.0,8.7,0.372,0.464,0.322,0.753,0.503,0.476,G,georgky01
235,Isaiah Collier,8.7,71,2024-25,20,UTA,71,46,0,25.9,3.3,7.8,2.7,5.4,0.6,2.4,1.5,2.2,0.5,2.9,3.3,6.3,0.9,0.2,2.9,2.1,8.7,0.422,0.497,0.249,0.682,0.494,0.459,G,colliis01
236,Jaime Jaquez Jr.,8.6,66,2024-25,23,MIA,66,17,0,20.7,3.2,7.0,2.7,5.2,0.6,1.8,1.6,2.2,1.3,3.1,4.4,2.5,0.9,0.2,1.5,1.2,8.6,0.461,0.513,0.311,0.754,0.543,0.501,G-F,jaqueja01
237,Ja'Kobe Walter,8.6,52,2024-25,20,TOR,52,18,0,21.2,3.1,7.6,1.8,4.0,1.3,3.6,1.3,1.6,1.1,1.9,3.1,1.6,0.8,0.2,1.0,1.8,8.6,0.405,0.454,0.349,0.795,0.523,0.487,G,walteja01
238,Matas Buzelis,8.6,80,2024-25,20,CHI,80,31,0,18.9,3.2,6.9,2.0,3.6,1.2,3.3,1.1,1.4,0.7,2.8,3.5,1.0,0.4,0.9,0.9,1.6,8.6,0.454,0.54,0.361,0.815,0.571,0.541,F,buzelma01
239,Sam Hauser,8.5,71,2024-25,27,BOS,71,19,0,21.7,3.0,6.7,0.7,1.1,2.3,5.6,0.2,0.2,0.6,2.5,3.2,0.9,0.6,0.2,0.3,1.2,8.5,0.451,0.64,0.416,1.0,0.632,0.627,F,hausesa01
240,Larry Nance Jr.,8.5,24,2024-25,32,ATL,24,3,0,19.3,3.3,6.5,1.9,3.3,1.4,3.2,0.4,0.5,1.0,3.3,4.3,1.6,0.8,0.5,0.7,1.5,8.5,0.516,0.582,0.447,0.692,0.632,0.626,F-C,nancela02
241,Cason Wallace,8.4,68,2024-25,21,OKC,68,43,0,27.6,3.4,7.2,2.3,4.1,1.1,3.1,0.4,0.5,1.0,2.3,3.4,2.5,1.8,0.5,0.9,2.1,8.4,0.474,0.562,0.356,0.811,0.562,0.55,G,wallaca01
242,Brandon Clarke,8.3,64,2024-25,28,MEM,64,18,0,18.9,3.7,5.9,3.7,5.7,0.0,0.3,1.0,1.4,2.0,3.1,5.1,1.0,0.8,0.6,0.6,2.3,8.3,0.621,0.647,0.059,0.701,0.638,0.622,F,clarkbr01
243,Dalano Banton,8.3,67,2024-25,25,POR,67,7,0,16.7,3.0,7.6,1.9,4.3,1.1,3.3,1.4,1.9,0.4,1.6,2.0,2.4,0.6,0.5,1.3,0.9,8.3,0.391,0.442,0.324,0.728,0.497,0.462,G-F,bantoda01
244,Brandon Williams,8.3,33,2024-25,25,DAL,33,3,0,14.8,3.0,5.7,2.2,3.9,0.7,1.8,1.7,2.0,0.4,1.4,1.8,2.3,0.7,0.2,1.2,1.0,8.3,0.521,0.578,0.4,0.833,0.634,0.585,G,willibr03
245,Keon Ellis,8.3,80,2024-25,25,SAC,80,28,0,24.4,2.8,5.8,1.1,1.8,1.7,4.0,0.9,1.1,0.8,1.9,2.7,1.5,1.5,0.8,0.9,2.2,8.3,0.489,0.615,0.433,0.849,0.664,0.639,G,elliske01
246,Bruce Brown,8.3,41,2024-25,28,TOR,41,12,0,22.5,3.2,7.5,2.5,5.6,0.7,2.0,1.3,1.6,1.0,3.0,4.0,2.0,0.8,0.2,1.0,1.7,8.3,0.421,0.452,0.333,0.815,0.504,0.464,G-F,brownbr01
247,Taurean Prince,8.2,80,2024-25,30,MIL,80,73,0,27.1,2.9,6.4,1.1,2.2,1.8,4.2,0.5,0.6,0.4,3.2,3.6,1.9,1.0,0.2,1.0,2.1,8.2,0.457,0.492,0.439,0.813,0.613,0.6,F,princta02
248,Mike Conley,8.2,71,2024-25,37,MIN,71,64,0,24.7,2.6,6.6,0.8,2.2,1.8,4.4,1.1,1.3,0.5,2.1,2.6,4.5,1.1,0.2,1.1,1.6,8.2,0.4,0.38,0.41,0.9,0.573,0.535,G,conlemi01
249,Jalen Smith,8.2,64,2024-25,24,CHI,64,2,0,15.0,3.0,6.4,1.8,2.9,1.1,3.5,1.1,1.4,1.4,4.2,5.6,1.0,0.3,0.7,0.6,1.5,8.2,0.466,0.634,0.324,0.809,0.586,0.554,F,smithja04
250,Peyton Watson,8.1,68,2024-25,22,DEN,68,18,0,24.4,3.0,6.3,2.3,4.3,0.7,2.0,1.4,2.0,0.7,2.7,3.4,1.4,0.7,1.4,0.8,1.8,8.1,0.477,0.534,0.353,0.693,0.564,0.533,G-F,watsope01
251,Quinten Post,8.1,42,2024-25,24,GSW,42,14,0,16.3,2.9,6.5,1.2,2.3,1.7,4.3,0.5,0.6,0.8,2.7,3.5,1.3,0.4,0.4,0.8,2.0,8.1,0.449,0.526,0.408,0.778,0.595,0.582,F,postqu01
252,Davion Mitchell,7.9,74,2024-25,26,TOR,74,37,0,27.4,3.0,6.4,1.9,3.6,1.1,2.9,0.8,1.1,0.5,1.8,2.3,4.9,1.0,0.2,1.7,2.5,7.9,0.468,0.525,0.398,0.69,0.573,0.557,G,mitchda01
253,Day'Ron Sharpe,7.9,50,2024-25,23,BRK,50,2,0,18.1,3.3,6.3,3.1,5.4,0.2,0.9,1.1,1.5,3.0,3.6,6.6,1.8,0.8,0.8,1.3,2.3,7.9,0.521,0.566,0.244,0.757,0.568,0.538,C,sharpda01
254,Caleb Martin,7.9,45,2024-25,29,PHI,45,24,0,27.1,2.9,6.8,2.0,4.5,0.8,2.3,1.4,2.2,1.2,2.8,3.9,2.1,1.0,0.5,1.2,1.9,7.9,0.424,0.458,0.359,0.622,0.513,0.485,F,martica02
255,KJ Simpson,7.8,36,2024-25,22,CHO,36,15,0,23.4,2.9,8.4,2.0,4.8,0.9,3.6,1.1,1.4,1.1,1.9,3.0,3.1,0.9,0.2,1.6,1.6,7.8,0.346,0.415,0.254,0.82,0.437,0.4,G,simpskj01
256,Karlo Matković,7.7,42,2024-25,23,NOP,42,7,0,18.8,3.2,5.6,2.7,4.0,0.5,1.6,0.8,1.0,1.5,3.5,5.0,1.1,0.5,1.0,1.0,2.5,7.7,0.574,0.675,0.318,0.773,0.639,0.619,F-C,matkoka01
257,Terance Mann,7.7,67,2024-25,28,LAC,67,13,0,21.1,3.1,6.2,2.2,3.7,0.9,2.4,0.7,1.0,1.0,2.0,3.0,1.8,0.7,0.2,0.7,1.9,7.7,0.496,0.58,0.368,0.691,0.584,0.569,G-F,mannte01
258,Lonzo Ball,7.6,35,2024-25,27,CHI,35,14,0,22.2,2.5,6.9,0.6,1.4,1.9,5.6,0.6,0.8,0.7,2.7,3.4,3.3,1.3,0.5,1.2,1.6,7.6,0.366,0.458,0.344,0.815,0.524,0.504,G,balllo01
259,AJ Johnson,7.6,29,2024-25,20,WAS,29,11,0,22.0,2.8,7.3,2.0,4.2,0.8,3.1,1.1,1.3,0.3,1.8,2.0,2.6,0.4,0.1,1.2,1.7,7.6,0.385,0.472,0.267,0.865,0.48,0.441,G,johnsaj01
260,Garrison Mathews,7.5,47,2024-25,28,ATL,47,2,0,17.7,2.2,5.5,0.4,0.8,1.8,4.6,1.4,1.7,0.3,1.6,1.9,1.3,0.6,0.3,0.7,1.7,7.5,0.397,0.436,0.39,0.821,0.606,0.562,G,mathega01
261,Josh Green,7.4,68,2024-25,24,CHO,68,67,0,27.8,2.6,6.2,1.2,2.5,1.4,3.6,0.7,1.1,0.8,1.7,2.5,1.6,1.1,0.2,1.0,2.4,7.4,0.428,0.48,0.391,0.681,0.559,0.543,G-F,greenjo02
262,Richaun Holmes,7.4,31,2024-25,31,WAS,31,7,0,17.2,2.9,4.5,2.9,4.4,0.0,0.1,1.6,1.9,2.0,3.7,5.7,1.4,0.3,0.7,0.7,1.6,7.4,0.647,0.662,0.0,0.833,0.695,0.647,C-F,holmeri01
263,A.J. Green,7.4,73,2024-25,25,MIL,73,7,0,22.7,2.5,5.8,0.4,0.8,2.1,5.0,0.3,0.4,0.2,2.1,2.4,1.5,0.5,0.1,0.5,2.2,7.4,0.429,0.443,0.427,0.815,0.621,0.612,G,greenaj01
264,Andre Drummond,7.3,40,2024-25,31,PHI,40,23,0,18.8,2.9,5.9,2.9,5.4,0.1,0.5,1.4,2.3,2.7,5.0,7.8,0.9,1.0,0.5,1.4,2.4,7.3,0.5,0.533,0.15,0.622,0.535,0.506,C,drumman01
265,Ricky Council IV,7.3,73,2024-25,23,PHI,73,12,0,17.1,2.4,6.3,1.7,3.4,0.8,2.9,1.7,2.1,0.7,2.2,2.9,1.3,0.4,0.2,0.7,0.9,7.3,0.382,0.488,0.258,0.804,0.502,0.442,G,councri01
266,Alec Burks,7.3,49,2024-25,33,MIA,49,14,0,17.6,2.3,5.5,0.6,1.3,1.8,4.2,0.8,1.0,0.3,2.2,2.5,1.1,0.6,0.1,0.6,0.8,7.3,0.424,0.422,0.425,0.776,0.608,0.587,G,burksal01
267,Vit Krejci,7.2,57,2024-25,24,ATL,57,16,0,20.2,2.5,5.1,1.0,1.5,1.6,3.6,0.6,0.8,0.4,2.4,2.7,2.6,0.6,0.5,0.9,1.8,7.2,0.497,0.64,0.437,0.711,0.661,0.651,G,krejcvi01
268,GG Jackson II,7.2,29,2024-25,20,MEM,29,3,0,15.8,2.6,6.9,1.4,3.6,1.1,3.3,1.0,1.4,0.9,2.2,3.2,1.0,0.4,0.2,1.1,1.0,7.2,0.372,0.404,0.337,0.725,0.482,0.452,F,jacksgg01
269,Tristan Da Silva,7.2,74,2024-25,23,ORL,74,38,0,22.0,2.7,6.5,1.6,3.3,1.1,3.2,0.7,0.9,1.0,2.3,3.3,1.5,0.4,0.2,0.8,1.3,7.2,0.412,0.488,0.335,0.873,0.522,0.495,F,dasiltr01
270,Tre Jones,7.2,46,2024-25,25,SAS,46,9,0,19.7,2.8,5.2,2.4,4.1,0.4,1.0,1.2,1.5,0.7,1.8,2.5,4.2,0.8,0.2,0.8,1.2,7.2,0.538,0.574,0.396,0.821,0.617,0.578,G,jonestr01
271,Goga Bitadze,7.2,70,2024-25,25,ORL,70,42,0,20.4,3.0,4.8,2.9,4.4,0.0,0.4,1.2,1.9,2.4,4.2,6.6,2.0,0.7,1.4,1.0,2.1,7.2,0.611,0.656,0.107,0.639,0.631,0.615,C,bitadgo01
272,Sam Merrill,7.2,71,2024-25,28,CLE,71,4,0,19.7,2.4,6.0,0.5,0.8,1.9,5.2,0.4,0.4,0.5,1.7,2.2,1.5,0.7,0.2,0.5,1.7,7.2,0.406,0.625,0.372,0.966,0.583,0.567,G,merrisa01
273,Jamal Shead,7.1,75,2024-25,22,TOR,75,11,0,19.6,2.7,6.7,1.8,3.7,1.0,3.0,0.7,0.9,0.4,1.1,1.5,4.2,0.8,0.1,1.6,2.1,7.1,0.405,0.47,0.323,0.768,0.499,0.476,G,sheadja01
274,Jamison Battle,7.1,59,2024-25,23,TOR,59,10,0,17.7,2.5,5.9,0.7,1.5,1.8,4.4,0.3,0.3,0.6,2.1,2.7,0.9,0.3,0.2,0.5,1.6,7.1,0.429,0.5,0.405,0.889,0.59,0.581,F,battlja01
275,Josh Okogie,7.1,40,2024-25,26,PHO,40,7,0,15.6,2.4,5.3,1.6,3.0,0.8,2.3,1.6,2.1,1.1,1.7,2.8,0.8,1.2,0.5,0.8,1.2,7.1,0.443,0.517,0.348,0.741,0.567,0.519,G,okogijo01
276,Alex Caruso,7.1,54,2024-25,30,OKC,54,3,0,19.3,2.6,5.8,1.5,2.7,1.1,3.1,0.8,0.9,0.7,2.2,2.9,2.5,1.6,0.6,0.7,1.9,7.1,0.446,0.556,0.353,0.824,0.568,0.541,G,carusal01
277,Jeff Dowtin Jr.,7.0,41,2024-25,27,PHI,41,3,0,15.1,2.7,5.6,2.0,3.9,0.7,1.7,0.8,1.1,0.3,1.2,1.5,1.9,0.6,0.3,0.4,0.7,7.0,0.487,0.525,0.4,0.733,0.57,0.548,G,dowtije01
278,Cameron Payne,6.9,72,2024-25,30,NYK,72,5,0,15.1,2.5,6.2,1.2,2.6,1.3,3.6,0.7,0.8,0.2,1.3,1.4,2.8,0.5,0.2,0.7,1.5,6.9,0.401,0.453,0.363,0.907,0.532,0.506,G,payneca01
279,Jake LaRavia,6.9,66,2024-25,23,SAC,66,0,0,20.4,2.4,5.1,1.5,3.0,0.9,2.2,1.2,1.7,1.4,2.6,3.9,2.4,0.9,0.3,1.3,2.0,6.9,0.475,0.513,0.423,0.678,0.591,0.564,F,laravja01
280,Antonio Reeves,6.9,44,2024-25,24,NOP,44,6,0,15.0,2.6,5.6,1.4,2.7,1.2,2.9,0.6,0.8,0.4,1.0,1.4,0.9,0.5,0.1,0.7,0.9,6.9,0.456,0.521,0.395,0.8,0.579,0.558,G,reevean01
281,Ryan Dunn,6.9,74,2024-25,22,PHO,74,44,0,19.1,2.8,6.4,1.7,2.9,1.1,3.6,0.3,0.5,1.2,2.4,3.6,0.8,0.6,0.5,0.5,2.2,6.9,0.43,0.577,0.311,0.487,0.517,0.516,F,dunnry01
282,Orlando Robinson,6.9,44,2024-25,24,TOR,44,8,0,17.5,2.6,5.9,2.3,4.8,0.4,1.2,1.2,1.6,2.0,3.0,5.0,1.8,0.4,0.4,1.1,2.3,6.9,0.444,0.474,0.327,0.771,0.519,0.477,F,robinor01
283,Jay Huff,6.9,64,2024-25,26,MEM,64,2,0,11.7,2.5,4.8,1.2,1.6,1.3,3.1,0.7,0.9,0.5,1.5,2.0,0.6,0.3,0.9,0.5,1.2,6.9,0.515,0.724,0.405,0.786,0.666,0.648,F-C,huffja01
284,Jaxson Hayes,6.8,56,2024-25,24,LAL,56,35,0,19.5,2.9,4.0,2.9,3.9,0.0,0.1,1.1,1.8,1.4,3.4,4.8,1.0,0.6,0.9,0.8,2.4,6.8,0.722,0.732,0.0,0.622,0.72,0.722,F,hayesja02
285,Eric Gordon,6.8,39,2024-25,36,PHI,39,13,0,19.7,2.2,5.2,0.8,1.7,1.4,3.5,0.9,1.2,0.2,1.0,1.2,1.7,0.7,0.3,0.7,0.8,6.8,0.426,0.463,0.409,0.75,0.591,0.564,G-F,gordoer01
286,Bol Bol,6.8,36,2024-25,25,PHO,36,10,0,12.4,2.7,5.1,1.8,2.5,0.9,2.6,0.6,0.7,0.6,2.3,2.9,0.6,0.3,0.7,0.6,0.6,6.8,0.525,0.711,0.344,0.769,0.627,0.612,F-C,bolbo01
287,Cody Martin,6.8,53,2024-25,29,PHO,53,8,0,22.1,2.6,6.1,1.8,3.3,0.8,2.8,0.8,1.2,1.0,3.2,4.2,2.0,1.1,0.6,1.0,1.8,6.8,0.418,0.534,0.285,0.705,0.509,0.485,G-F,martico01
288,DaQuan Jeffries,6.7,47,2024-25,27,CHO,47,20,0,22.8,2.5,6.2,1.3,2.7,1.2,3.5,0.5,0.6,0.8,2.1,2.9,1.1,0.6,0.5,0.7,2.1,6.7,0.405,0.496,0.335,0.8,0.518,0.5,G-F,jeffrda01
289,Precious Achiuwa,6.6,57,2024-25,25,NYK,57,10,0,20.5,2.9,5.7,2.7,5.1,0.2,0.6,0.7,1.2,1.8,3.8,5.6,1.0,0.8,0.7,0.8,1.4,6.6,0.502,0.529,0.278,0.594,0.53,0.517,F,achiupr01
290,Vince Williams Jr.,6.6,27,2024-25,24,MEM,27,5,0,18.5,2.5,6.2,1.5,2.7,1.0,3.5,0.7,0.9,0.8,2.8,3.6,2.0,0.4,0.3,1.2,1.7,6.6,0.401,0.569,0.274,0.792,0.504,0.479,F,willivi01
291,Marcus Sasser,6.6,57,2024-25,24,DET,57,1,0,14.2,2.4,5.2,1.4,2.5,1.0,2.7,0.8,0.9,0.3,0.9,1.2,2.3,0.6,0.1,0.9,1.3,6.6,0.463,0.549,0.382,0.843,0.589,0.561,G,sassema01
292,Trayce Jackson-Davis,6.6,62,2024-25,24,GSW,62,37,0,15.6,2.8,4.9,2.8,4.8,0.0,0.0,1.0,1.6,2.0,3.0,5.0,1.7,0.4,0.6,0.7,1.2,6.6,0.576,0.582,0.0,0.578,0.587,0.576,F,jackstr02
293,Vasilije Micić,6.6,41,2024-25,31,PHO,41,16,0,19.1,2.3,6.7,1.2,3.6,1.1,3.0,0.8,1.0,0.5,1.7,2.2,3.1,0.4,0.0,1.9,1.1,6.6,0.348,0.338,0.36,0.829,0.462,0.43,G,micicva01
294,Trey Lyles,6.5,69,2024-25,29,SAC,69,5,0,19.6,2.3,5.4,1.1,2.0,1.2,3.4,0.8,1.2,1.2,3.4,4.6,1.2,0.6,0.3,0.6,1.2,6.5,0.42,0.559,0.34,0.7,0.551,0.528,F,lylestr01
295,Talen Horton-Tucker,6.5,58,2024-25,24,CHI,58,0,0,12.5,2.3,5.0,1.6,2.9,0.7,2.1,1.2,1.7,0.3,1.4,1.7,1.4,0.4,0.2,0.7,1.0,6.5,0.457,0.544,0.336,0.735,0.567,0.527,G-F,hortota01
296,Seth Curry,6.5,68,2024-25,34,CHO,68,14,0,15.6,2.4,5.0,1.2,2.4,1.2,2.7,0.5,0.6,0.4,1.3,1.7,0.9,0.4,0.1,0.5,0.9,6.5,0.478,0.503,0.456,0.846,0.616,0.599,G,curryse01
297,Donovan Clingan,6.5,67,2024-25,20,POR,67,37,0,19.8,2.7,5.0,2.5,4.3,0.2,0.7,0.9,1.6,3.2,4.6,7.9,1.1,0.5,1.6,1.1,2.8,6.5,0.539,0.582,0.286,0.596,0.574,0.56,C,clingdo01
298,Thomas Bryant,6.5,66,2024-25,27,MIA,66,8,0,14.6,2.5,4.9,1.7,2.6,0.7,2.2,0.8,1.0,1.3,2.5,3.8,0.8,0.4,0.6,0.5,1.2,6.5,0.508,0.665,0.324,0.859,0.614,0.583,C,bryanth01
299,Ajay Mitchell,6.5,36,2024-25,22,OKC,36,1,0,16.6,2.5,5.1,1.9,3.4,0.6,1.7,0.8,1.0,0.5,1.4,1.9,1.8,0.7,0.1,0.8,1.9,6.5,0.495,0.548,0.383,0.829,0.587,0.557,G,mitchaj01
300,Haywood Highsmith,6.5,74,2024-25,28,MIA,74,42,0,24.6,2.4,5.3,1.2,2.1,1.2,3.1,0.4,0.6,1.0,2.4,3.4,1.5,0.9,0.5,0.7,2.2,6.5,0.458,0.57,0.382,0.721,0.583,0.572,F,highsha01
301,Gary Payton II,6.5,62,2024-25,32,GSW,62,11,0,15.0,2.8,4.8,2.3,3.3,0.5,1.5,0.4,0.6,0.9,2.1,3.0,1.3,0.8,0.3,0.6,1.7,6.5,0.574,0.69,0.326,0.711,0.635,0.626,G,paytoga02
302,Ron Holland,6.4,81,2024-25,19,DET,81,2,0,15.6,2.4,5.1,2.0,3.3,0.4,1.9,1.1,1.5,0.5,2.2,2.7,1.0,0.6,0.2,0.9,1.7,6.4,0.474,0.608,0.238,0.754,0.556,0.517,F,hollaro01
303,Kris Dunn,6.4,74,2024-25,30,LAC,74,58,0,24.1,2.6,5.9,1.6,2.9,1.0,3.0,0.2,0.3,0.7,2.7,3.4,2.8,1.7,0.4,1.0,2.7,6.4,0.439,0.549,0.335,0.682,0.531,0.525,G,dunnkr01
304,Gabe Vincent,6.4,72,2024-25,28,LAL,72,11,0,21.2,2.3,5.8,0.8,1.5,1.5,4.3,0.2,0.3,0.3,1.0,1.3,1.4,0.7,0.2,0.6,2.1,6.4,0.4,0.532,0.353,0.714,0.536,0.53,G,vincega01
305,KJ Martin,6.4,43,2024-25,24,UTA,43,16,0,21.2,2.6,4.7,2.2,3.3,0.3,1.3,0.9,1.1,0.7,2.2,2.9,1.1,0.4,0.5,0.6,2.3,6.4,0.552,0.671,0.259,0.787,0.618,0.59,F,martike04
306,Zach Collins,6.4,64,2024-25,27,SAS,64,12,0,15.3,2.4,4.7,1.9,3.1,0.5,1.7,1.1,1.2,1.6,2.9,4.5,1.7,0.5,0.5,0.9,2.1,6.4,0.507,0.617,0.302,0.885,0.605,0.56,C-F,colliza01
307,Jeremiah Robinson-Earl,6.3,66,2024-25,24,NOP,66,9,0,18.8,2.4,5.3,1.5,2.8,0.8,2.5,0.7,0.8,1.7,3.1,4.8,1.3,0.6,0.1,0.8,1.2,6.3,0.455,0.557,0.341,0.836,0.563,0.536,F,robinje02
308,Kenrich Williams,6.3,69,2024-25,30,OKC,69,7,0,16.4,2.5,5.1,1.5,2.7,1.0,2.5,0.4,0.6,0.9,2.6,3.5,1.4,0.6,0.1,0.6,1.6,6.3,0.483,0.574,0.386,0.718,0.587,0.576,G-F,willike04
309,Sandro Mamukelashvili,6.3,61,2024-25,25,SAS,61,0,0,11.2,2.3,4.6,1.3,2.0,1.0,2.6,0.7,1.0,1.0,2.0,3.1,0.8,0.4,0.3,0.4,1.0,6.3,0.502,0.675,0.373,0.741,0.628,0.609,C-F,mamuksa01
310,Ryan Rollins,6.2,56,2024-25,22,MIL,56,19,0,14.6,2.4,4.8,1.5,2.7,0.9,2.1,0.6,0.8,0.4,1.6,1.9,1.9,0.8,0.3,0.9,1.6,6.2,0.487,0.55,0.408,0.8,0.6,0.577,G,rolliry01
311,Bones Hyland,6.2,24,2024-25,24,MIN,24,0,0,10.0,2.0,4.9,0.6,1.5,1.3,3.4,1.0,1.1,0.2,0.8,1.0,1.3,0.8,0.2,1.0,1.2,6.2,0.398,0.417,0.39,0.885,0.576,0.534,G,hylanbo01
312,Jonathan Mogbo,6.2,63,2024-25,23,TOR,63,18,0,20.4,2.5,5.7,2.2,4.5,0.3,1.1,1.0,1.3,1.7,3.2,4.9,2.3,0.9,0.5,1.1,2.2,6.2,0.438,0.486,0.243,0.732,0.496,0.462,F,mogbojo01
313,Jarace Walker,6.1,75,2024-25,21,IND,75,5,0,15.8,2.3,4.8,1.3,2.3,1.0,2.5,0.6,0.9,0.3,2.7,3.1,1.5,0.7,0.3,1.0,1.5,6.1,0.472,0.543,0.405,0.667,0.59,0.576,F,walkeja02
314,Isaac Okoro,6.1,55,2024-25,24,CLE,55,22,0,19.1,2.3,4.9,1.2,2.1,1.0,2.7,0.6,0.8,0.9,1.5,2.4,1.2,0.6,0.3,0.4,1.9,6.1,0.464,0.586,0.371,0.717,0.587,0.569,G-F,okorois01
315,Isaiah Stewart,6.0,72,2024-25,23,DET,72,4,0,19.9,2.4,4.4,2.2,3.6,0.2,0.7,0.9,1.2,1.8,3.7,5.5,1.7,0.4,1.4,0.9,2.5,6.0,0.559,0.607,0.321,0.759,0.616,0.586,F-C,stewais01
316,Luke Kornet,6.0,73,2024-25,29,BOS,73,16,0,18.6,2.6,3.8,2.6,3.8,0.0,0.0,0.9,1.3,2.6,2.7,5.3,1.6,0.5,1.0,0.4,1.6,6.0,0.668,0.675,0.0,0.691,0.683,0.668,C-F,kornelu01
317,Isaiah Wong,6.0,20,2024-25,24,CHO,20,0,0,13.3,2.1,5.3,1.4,3.6,0.7,1.7,1.3,1.7,0.7,0.9,1.6,1.4,0.6,0.0,0.9,1.1,6.0,0.39,0.389,0.394,0.735,0.5,0.452,G,wongis01
318,Mouhamed Gueye,6.0,33,2024-25,22,ATL,33,28,0,16.2,2.2,5.2,1.5,2.7,0.6,2.5,1.0,1.3,1.3,2.9,4.2,0.8,0.8,1.0,0.5,1.7,6.0,0.421,0.567,0.259,0.762,0.52,0.482,F,gueyemo02
319,Simone Fontecchio,5.9,75,2024-25,29,DET,75,0,0,16.5,2.0,5.0,1.0,1.9,1.0,3.0,0.9,1.1,0.7,2.2,2.9,0.9,0.4,0.2,0.7,1.3,5.9,0.402,0.507,0.335,0.833,0.544,0.504,F,fontesi01
320,Jaylin Williams,5.9,47,2024-25,22,OKC,47,9,0,16.7,2.1,4.7,0.8,1.4,1.3,3.3,0.5,0.6,1.0,4.6,5.6,2.6,0.5,0.6,0.7,1.7,5.9,0.439,0.529,0.399,0.767,0.594,0.577,F,willija07
321,Tidjane Salaün,5.9,60,2024-25,19,CHO,60,10,0,20.7,1.9,5.8,0.9,2.3,1.0,3.4,1.1,1.6,1.2,3.5,4.7,1.2,0.5,0.2,1.0,1.4,5.9,0.33,0.4,0.283,0.713,0.457,0.414,F,salauti01
322,Collin Gillespie,5.9,33,2024-25,25,PHO,33,9,0,14.0,2.1,4.8,0.9,2.1,1.2,2.7,0.6,0.7,0.7,1.7,2.4,2.4,0.6,0.2,0.5,0.9,5.9,0.43,0.426,0.433,0.864,0.578,0.554,G,gilleco01
323,Kyle Anderson,5.9,61,2024-25,31,MIA,61,4,0,16.4,2.3,5.0,1.9,3.8,0.4,1.1,0.8,1.1,0.9,2.5,3.4,2.4,0.7,0.5,0.6,1.3,5.9,0.469,0.502,0.357,0.738,0.538,0.51,F-G,anderky01
324,Adem Bona,5.8,58,2024-25,21,PHI,58,11,0,15.6,2.3,3.3,2.3,3.3,0.0,0.0,1.2,1.7,1.6,2.6,4.2,0.5,0.4,1.2,1.1,2.2,5.8,0.703,0.707,0.0,0.67,0.714,0.703,F-C,bonaad01
325,Robert Williams,5.8,20,2024-25,27,POR,20,3,0,17.6,2.5,3.9,2.5,3.8,0.1,0.2,0.8,0.9,1.8,4.2,5.9,1.1,0.7,1.7,0.9,1.6,5.8,0.641,0.653,0.333,0.882,0.679,0.647,C-F,williro04
326,Quenton Jackson,5.8,28,2024-25,26,IND,28,7,0,13.6,2.1,4.4,1.5,2.9,0.5,1.4,1.1,1.4,0.5,1.1,1.6,1.9,0.8,0.2,0.6,1.5,5.8,0.475,0.524,0.375,0.775,0.58,0.537,G,jacksqu01
327,Landry Shamet,5.7,50,2024-25,27,NYK,50,0,0,15.2,2.1,4.6,0.9,1.5,1.2,3.1,0.2,0.4,0.2,1.0,1.2,0.5,0.5,0.0,0.4,1.0,5.7,0.461,0.595,0.397,0.667,0.601,0.596,G,shamela01
328,Dariq Whitehead,5.7,20,2024-25,20,BRK,20,0,0,12.3,2.0,4.8,0.3,1.1,1.7,3.7,0.2,0.3,0.2,1.3,1.5,0.6,0.3,0.1,0.8,1.1,5.7,0.406,0.273,0.446,0.6,0.58,0.578,F,whiteda01
329,Moussa Diabaté,5.7,71,2024-25,23,CHO,71,8,0,17.5,2.4,3.9,2.4,3.9,0.0,0.1,1.0,1.6,2.6,3.5,6.2,0.8,0.6,0.6,0.9,1.5,5.7,0.596,0.609,0.0,0.595,0.609,0.596,F,diabamo01
330,Jordan Goodwin,5.6,29,2024-25,26,LAL,29,5,0,18.7,2.2,5.0,1.3,2.6,0.9,2.3,0.3,0.4,1.3,2.6,3.9,1.4,1.0,0.4,0.9,1.5,5.6,0.438,0.487,0.382,0.818,0.541,0.528,G,goodwjo01
331,Shake Milton,5.5,57,2024-25,28,LAL,57,2,0,14.7,2.0,4.5,1.4,2.6,0.7,1.9,0.8,1.0,0.5,1.3,1.8,1.8,0.4,0.1,0.7,1.2,5.5,0.453,0.52,0.358,0.797,0.563,0.528,G,miltosh01
332,Aaron Holiday,5.5,62,2024-25,28,HOU,62,3,0,12.8,1.9,4.3,0.7,1.4,1.2,2.9,0.5,0.7,0.2,1.0,1.3,1.3,0.3,0.2,0.6,1.0,5.5,0.437,0.517,0.398,0.829,0.594,0.571,G,holidaa01
333,Dean Wade,5.4,59,2024-25,28,CLE,59,30,0,21.2,1.9,4.6,0.5,0.8,1.4,3.8,0.3,0.5,0.9,3.4,4.2,1.3,0.7,0.3,0.4,1.7,5.4,0.413,0.653,0.36,0.533,0.563,0.561,F,wadede01
334,Keaton Wallace,5.4,31,2024-25,25,ATL,31,5,0,16.2,2.1,5.2,1.2,2.6,0.9,2.6,0.4,0.4,0.2,1.4,1.6,2.6,0.9,0.3,1.1,1.3,5.4,0.401,0.475,0.329,1.0,0.503,0.485,G,wallake01
335,Jeff Green,5.4,32,2024-25,38,HOU,32,3,0,12.4,1.9,3.8,1.0,1.3,0.9,2.5,0.7,0.8,0.3,1.5,1.8,0.6,0.2,0.1,0.3,1.0,5.4,0.504,0.762,0.367,0.808,0.649,0.624,F,greenje02
336,Jonathan Isaac,5.4,71,2024-25,27,ORL,71,1,0,15.4,1.9,4.6,1.3,2.4,0.5,2.1,1.0,1.5,1.7,2.7,4.4,0.6,0.9,1.1,0.5,1.3,5.4,0.414,0.549,0.258,0.682,0.512,0.474,F,isaacjo01
337,Kevin Love,5.3,23,2024-25,36,MIA,23,9,0,10.9,1.8,5.0,0.7,2.1,1.0,2.9,0.7,1.0,1.0,3.1,4.1,1.0,0.7,0.2,0.6,0.9,5.3,0.357,0.354,0.358,0.696,0.488,0.461,F-C,loveke01
338,Jamal Cain,5.3,37,2024-25,25,NOP,37,0,0,13.6,1.8,4.3,1.1,2.1,0.7,2.2,0.9,1.4,0.7,1.6,2.3,0.6,0.6,0.2,0.6,1.2,5.3,0.43,0.538,0.325,0.68,0.544,0.513,F,cainja01
339,Ben Sheppard,5.3,63,2024-25,23,IND,63,9,0,19.5,1.9,4.6,0.8,1.4,1.1,3.2,0.4,0.4,0.7,2.1,2.8,1.3,0.6,0.2,0.3,2.0,5.3,0.418,0.591,0.342,0.889,0.555,0.537,G,sheppbe01
340,Pat Connaughton,5.3,41,2024-25,32,MIL,41,1,0,14.7,2.0,4.3,1.4,2.3,0.6,2.0,0.6,0.8,0.5,2.2,2.7,1.7,0.2,0.3,0.6,1.1,5.3,0.469,0.594,0.321,0.774,0.567,0.542,G,connapa01
341,Jabari Walker,5.2,60,2024-25,22,POR,60,1,0,12.5,2.0,3.8,1.5,2.6,0.5,1.2,0.8,1.2,1.0,2.5,3.5,0.6,0.6,0.1,0.6,1.5,5.2,0.515,0.573,0.389,0.69,0.601,0.576,F,walkeja01
342,Monte Morris,5.2,45,2024-25,29,PHO,45,0,0,12.7,1.8,4.3,1.2,2.4,0.7,1.9,0.8,0.9,0.3,1.2,1.5,1.6,0.4,0.1,0.5,0.5,5.2,0.426,0.477,0.36,0.857,0.546,0.505,G,morrimo01
343,Bismack Biyombo,5.1,28,2024-25,32,SAS,28,26,0,18.9,2.4,4.1,2.4,4.1,0.0,0.0,0.4,0.9,1.5,4.1,5.6,1.1,0.6,0.8,1.0,1.9,5.1,0.588,0.588,0.0,0.4,0.576,0.588,C-F,biyombi01
344,Javonte Green,5.1,68,2024-25,31,NOP,68,19,0,18.5,1.8,4.2,1.1,2.1,0.7,2.1,0.8,1.1,0.9,2.3,3.2,0.8,1.0,0.5,0.5,1.4,5.1,0.429,0.527,0.326,0.724,0.541,0.509,F,greenja02
345,Ben Simmons,5.0,51,2024-25,28,LAC,51,24,0,22.0,2.3,4.4,2.3,4.4,0.0,0.0,0.5,0.6,0.9,3.8,4.7,5.6,0.7,0.5,2.0,2.1,5.0,0.52,0.52,0.0,0.727,0.539,0.52,G-F,simmobe01
346,Malaki Branham,5.0,47,2024-25,21,SAS,47,0,0,9.1,1.9,4.0,1.1,2.3,0.7,1.8,0.6,0.7,0.1,0.9,1.1,0.8,0.2,0.0,0.7,0.6,5.0,0.458,0.5,0.405,0.818,0.575,0.547,G,branhma01
347,Neemias Queta,5.0,62,2024-25,25,BOS,62,6,0,13.9,2.1,3.3,2.1,3.2,0.0,0.0,0.7,1.0,1.4,2.4,3.8,0.7,0.3,0.7,0.6,1.7,5.0,0.65,0.66,0.0,0.754,0.674,0.65,C,quetane01
348,Kai Jones,5.0,40,2024-25,24,LAC,40,6,0,11.7,2.2,2.7,2.2,2.6,0.0,0.1,0.6,0.8,1.0,2.1,3.1,0.6,0.4,0.6,0.5,1.3,5.0,0.798,0.827,0.2,0.719,0.804,0.803,F-C,joneska01
349,Lindy Waters III,4.9,52,2024-25,27,GSW,52,9,0,15.0,1.8,4.8,0.5,1.2,1.2,3.6,0.2,0.2,0.4,1.7,2.1,1.0,0.5,0.2,0.4,1.2,4.9,0.369,0.444,0.344,0.727,0.504,0.498,G,waterli01
350,Trevelin Queen,4.9,31,2024-25,27,ORL,31,2,0,13.9,1.8,4.7,1.1,2.3,0.7,2.5,0.6,0.7,0.8,0.9,1.7,1.2,1.0,0.3,0.7,1.2,4.9,0.381,0.486,0.286,0.857,0.486,0.456,G,queentr01
351,Jock Landale,4.8,42,2024-25,29,HOU,42,3,0,11.9,1.9,3.6,1.7,3.0,0.3,0.6,0.6,1.0,1.3,1.9,3.3,0.9,0.3,0.2,0.5,1.2,4.8,0.533,0.556,0.423,0.675,0.59,0.569,C,landajo01
352,Colin Castleton,4.7,26,2024-25,24,MEMPHITOR,26,4,0,16.6,1.8,3.8,1.7,3.2,0.1,0.6,1.1,1.5,2.0,2.7,4.7,1.1,0.3,0.4,0.9,2.0,4.7,0.469,0.537,0.125,0.763,0.536,0.48,F,castlco01
353,David Roddy,4.6,33,2024-25,23,ATLHOUPHI,33,3,0,12.4,1.7,3.8,1.2,1.9,0.6,1.8,0.6,0.8,0.4,2.2,2.5,1.1,0.4,0.3,0.7,0.6,4.6,0.456,0.594,0.311,0.769,0.561,0.532,F,roddyda01
354,Julian Phillips,4.6,79,2024-25,21,CHI,79,5,0,14.2,1.6,3.6,1.0,1.7,0.6,1.9,0.8,1.0,0.8,1.3,2.1,0.5,0.5,0.3,0.3,1.4,4.6,0.446,0.582,0.327,0.789,0.571,0.533,F,phillju01
355,Cody Williams,4.6,50,2024-25,20,UTA,50,21,0,21.2,1.7,5.1,1.0,2.4,0.7,2.7,0.6,0.8,0.5,1.7,2.3,1.2,0.5,0.3,0.9,1.9,4.6,0.323,0.393,0.259,0.725,0.419,0.391,G-F,willico04
356,Drew Eubanks,4.6,61,2024-25,27,UTA,61,4,0,12.2,1.9,3.2,1.8,3.1,0.0,0.1,0.8,1.2,1.0,2.7,3.7,0.9,0.2,0.6,0.7,1.0,4.6,0.593,0.596,0.5,0.662,0.622,0.601,F,eubandr01
357,Pelle Larsson,4.6,55,2024-25,23,MIA,55,8,0,14.2,1.6,3.7,1.0,2.0,0.6,1.7,0.7,1.1,0.5,1.2,1.7,1.2,0.6,0.1,0.4,1.7,4.6,0.438,0.528,0.337,0.672,0.546,0.517,G,larsspe01
358,Kevon Looney,4.5,76,2024-25,28,GSW,76,6,0,15.0,1.9,3.7,1.9,3.6,0.0,0.1,0.7,1.3,2.4,3.6,6.1,1.6,0.6,0.5,0.5,2.0,4.5,0.514,0.516,0.4,0.566,0.535,0.518,F-C,looneke01
359,Mason Plumlee,4.5,74,2024-25,34,PHO,74,21,0,17.6,1.7,2.7,1.7,2.7,0.0,0.1,1.1,1.7,1.6,4.6,6.1,1.8,0.4,0.6,0.8,2.1,4.5,0.619,0.631,0.0,0.648,0.645,0.619,C-F,plumlma01
360,Rob Dillingham,4.5,49,2024-25,20,MIN,49,1,0,10.5,1.9,4.3,1.4,2.8,0.5,1.5,0.2,0.3,0.2,0.8,1.0,2.0,0.4,0.0,1.1,0.8,4.5,0.441,0.496,0.338,0.533,0.503,0.5,G,dilliro01
361,Dalen Terry,4.5,73,2024-25,22,CHI,73,5,0,13.5,1.6,3.7,1.1,2.2,0.5,1.4,0.7,0.9,0.5,1.2,1.7,1.3,0.6,0.2,0.7,1.6,4.5,0.448,0.506,0.356,0.71,0.546,0.517,G,terryda01
362,Jett Howard,4.5,60,2024-25,21,ORL,60,0,0,11.7,1.6,4.4,0.7,1.3,0.9,3.1,0.3,0.4,0.3,0.8,1.2,0.7,0.2,0.2,0.6,1.1,4.5,0.374,0.566,0.296,0.696,0.491,0.479,G,howarje01
363,Reed Sheppard,4.4,52,2024-25,20,HOU,52,3,0,12.6,1.6,4.6,0.7,1.9,0.9,2.7,0.3,0.3,0.3,1.2,1.5,1.4,0.7,0.3,0.7,1.0,4.4,0.351,0.371,0.338,0.813,0.465,0.452,G,sheppre01
364,Marvin Bagley III,4.4,31,2024-25,25,WAS,31,2,0,8.5,1.8,3.4,1.7,2.8,0.1,0.6,0.7,1.1,1.2,1.5,2.7,0.4,0.3,0.3,0.4,0.6,4.4,0.519,0.598,0.158,0.657,0.56,0.533,F-C,baglema01
365,Reggie Jackson,4.4,31,2024-25,34,PHI,31,1,0,12.4,1.7,4.3,0.9,1.9,0.8,2.4,0.2,0.3,0.3,1.1,1.4,1.5,0.5,0.1,0.5,1.1,4.4,0.391,0.458,0.338,0.778,0.496,0.485,G,jacksre01
366,Charles Bassey,4.4,36,2024-25,24,SAS,36,1,0,10.4,1.9,3.3,1.9,3.3,0.0,0.0,0.6,0.9,1.6,2.7,4.2,0.5,0.4,0.8,0.6,1.4,4.4,0.581,0.581,0.0,0.636,0.597,0.581,C,bassech01
367,Mo Bamba,4.3,32,2024-25,26,NOP,32,2,0,12.9,1.6,3.5,1.2,1.8,0.5,1.7,0.6,0.8,1.0,3.5,4.5,0.6,0.3,1.0,0.6,1.8,4.3,0.464,0.638,0.278,0.704,0.557,0.531,C,bambamo01
368,Terrence Shannon Jr.,4.3,32,2024-25,24,MIN,32,1,0,10.6,1.7,3.6,1.4,2.6,0.3,1.0,0.5,0.7,0.3,1.2,1.5,1.0,0.2,0.2,0.5,0.8,4.3,0.482,0.53,0.355,0.81,0.56,0.531,G,shannte01
369,Micah Potter,4.3,38,2024-25,26,UTA,38,10,0,18.6,1.5,3.6,0.7,1.0,0.8,2.6,0.4,0.5,1.1,3.2,4.3,0.8,0.4,0.4,0.8,1.3,4.3,0.422,0.703,0.316,0.85,0.563,0.537,C,pottemi01
370,Daniel Theis,4.3,38,2024-25,32,NOP,38,9,0,16.3,1.6,3.4,1.4,2.4,0.2,1.0,0.8,1.0,1.2,3.2,4.3,1.6,0.5,0.5,0.7,1.8,4.3,0.473,0.565,0.243,0.838,0.558,0.508,C,theisda01
371,Jevon Carter,4.3,36,2024-25,29,CHI,36,1,0,8.9,1.5,4.1,0.6,1.1,1.0,2.9,0.2,0.3,0.1,1.0,1.1,1.1,0.4,0.1,0.3,0.4,4.3,0.377,0.488,0.333,0.8,0.509,0.497,G,carteje01
372,Cam Spencer,4.2,25,2024-25,24,MEM,25,1,0,10.1,1.4,3.3,0.6,1.2,0.8,2.1,0.8,0.8,0.5,0.7,1.2,1.4,0.4,0.0,0.2,0.9,4.2,0.415,0.5,0.365,1.0,0.587,0.53,G,spencca01
373,Dominick Barlow,4.2,35,2024-25,21,ATL,35,4,0,10.7,1.7,3.2,1.5,2.5,0.2,0.8,0.6,0.9,1.0,1.4,2.4,0.5,0.3,0.5,0.1,1.3,4.2,0.531,0.616,0.259,0.636,0.58,0.562,F,barlodo01
374,Duop Reath,4.2,46,2024-25,28,POR,46,0,0,10.2,1.5,3.6,0.8,1.3,0.7,2.3,0.4,0.5,1.0,1.0,2.0,0.6,0.3,0.3,0.3,0.9,4.2,0.422,0.6,0.321,0.909,0.552,0.524,C,reathdu01
375,Kessler Edwards,4.2,40,2024-25,24,DAL,40,18,0,15.2,1.7,3.4,1.1,2.0,0.6,1.4,0.3,0.3,0.6,2.3,2.9,1.1,0.5,0.5,0.4,1.6,4.2,0.496,0.556,0.407,0.923,0.597,0.578,F,edwarke02
376,Oso Ighodaro,4.2,61,2024-25,22,PHO,61,6,0,17.1,1.9,3.1,1.9,3.0,0.0,0.0,0.5,0.8,1.1,2.6,3.6,1.2,0.5,0.5,0.6,1.7,4.2,0.604,0.611,0.0,0.58,0.61,0.604,F,ighodos01
377,Wendell Moore Jr.,4.2,36,2024-25,23,DET,36,1,0,13.9,1.6,3.5,1.3,2.4,0.4,1.1,0.5,0.6,0.8,1.8,2.6,1.2,0.6,0.1,0.8,0.9,4.2,0.468,0.529,0.341,0.818,0.553,0.524,G-F,moorewe01
378,Kris Murray,4.2,69,2024-25,24,POR,69,6,0,15.1,1.7,4.0,1.3,2.3,0.4,1.7,0.4,0.8,1.1,1.5,2.6,1.0,0.5,0.2,0.6,1.0,4.2,0.419,0.566,0.225,0.456,0.472,0.468,F,murrakr01
379,Torrey Craig,4.2,26,2024-25,34,CHI,26,4,0,12.1,1.5,3.5,0.5,0.9,0.9,2.5,0.3,0.5,1.0,1.8,2.8,0.7,0.3,0.5,0.3,1.3,4.2,0.422,0.583,0.364,0.667,0.567,0.556,G-F,craigto01
380,Maxwell Lewis,4.1,28,2024-25,22,LAL,28,1,0,11.7,1.6,3.9,0.9,2.1,0.7,1.8,0.3,0.4,0.6,1.3,2.0,0.7,0.3,0.3,0.5,1.0,4.1,0.417,0.448,0.38,0.7,0.516,0.505,F,lewisma05
381,Caleb Houstan,4.1,58,2024-25,22,ORL,58,6,0,13.6,1.4,3.3,0.3,0.5,1.1,2.8,0.3,0.3,0.3,1.0,1.3,0.6,0.4,0.1,0.2,1.1,4.1,0.421,0.533,0.4,0.882,0.605,0.589,G-F,houstca01
382,Jordan Miller,4.1,37,2024-25,25,LAC,37,0,0,11.4,1.6,3.6,1.4,2.6,0.2,1.0,0.8,0.9,0.6,0.9,1.6,0.9,0.5,0.1,0.7,0.7,4.1,0.433,0.521,0.211,0.8,0.509,0.463,G,millejo02
383,Paul Reed,4.1,45,2024-25,25,DET,45,0,0,9.7,1.6,3.2,1.4,2.5,0.2,0.6,0.7,0.9,0.9,1.8,2.7,1.0,0.9,0.6,0.6,1.7,4.1,0.507,0.561,0.286,0.762,0.573,0.535,F,reedpa01
384,Jarred Vanderbilt,4.1,36,2024-25,25,LAL,36,2,0,16.1,1.6,3.4,1.4,2.5,0.3,0.9,0.6,1.0,1.9,3.2,5.1,1.1,1.0,0.3,0.8,1.9,4.1,0.488,0.562,0.281,0.556,0.537,0.525,F,vandeja01
385,Jalen Pickett,4.1,49,2024-25,25,DEN,49,4,0,13.6,1.6,3.7,0.8,1.6,0.8,2.1,0.1,0.2,0.3,1.1,1.4,2.2,0.4,0.1,0.5,0.8,4.1,0.428,0.468,0.396,0.75,0.545,0.539,G,pickeja02
386,Jaylen Clark,4.1,40,2024-25,23,MIN,40,4,0,13.1,1.4,3.0,0.9,1.7,0.6,1.3,0.7,0.9,0.7,0.7,1.3,0.7,0.9,0.1,0.2,1.5,4.1,0.467,0.493,0.431,0.784,0.598,0.558,G,clarkja02
387,Gui Santos,4.1,56,2024-25,22,GSW,56,2,0,13.6,1.5,3.2,0.9,1.4,0.6,1.8,0.5,0.8,1.3,1.8,3.1,1.4,0.4,0.2,0.8,1.6,4.1,0.458,0.632,0.33,0.69,0.575,0.553,F,santogu01
388,Colby Jones,4.0,39,2024-25,22,WAS,39,0,0,13.2,1.5,3.3,1.1,2.1,0.4,1.3,0.6,0.9,0.5,1.7,2.2,1.1,0.7,0.3,0.6,0.9,4.0,0.457,0.538,0.327,0.657,0.544,0.519,G,jonesco02
389,Nicolas Batum,4.0,78,2024-25,36,LAC,78,8,0,17.5,1.3,3.1,0.2,0.4,1.1,2.6,0.2,0.3,0.6,2.2,2.8,1.1,0.7,0.5,0.4,1.4,4.0,0.437,0.457,0.433,0.81,0.633,0.622,F-G,batumni01
390,Kyle Lowry,3.9,35,2024-25,38,PHI,35,12,0,18.8,1.2,3.3,0.3,0.8,0.8,2.5,0.8,0.9,0.3,1.6,1.9,2.7,0.9,0.3,0.6,1.8,3.9,0.35,0.414,0.33,0.818,0.525,0.474,G,lowryky01
391,Steven Adams,3.9,58,2024-25,31,HOU,58,3,0,13.7,1.6,2.9,1.6,2.8,0.0,0.0,0.7,1.6,2.9,2.8,5.6,1.1,0.4,0.5,0.9,1.0,3.9,0.545,0.552,0.0,0.462,0.541,0.545,C,adamsst01
392,Olivier-Maxence Prosper,3.9,52,2024-25,22,DAL,52,4,0,11.2,1.3,3.3,1.1,2.4,0.2,1.0,0.9,1.5,0.8,1.6,2.4,0.8,0.5,0.1,0.3,0.5,3.9,0.402,0.472,0.235,0.645,0.484,0.437,F,prospol01
393,Ousmane Dieng,3.8,37,2024-25,21,OKC,37,1,0,10.9,1.5,3.4,0.8,1.5,0.6,1.9,0.3,0.4,0.5,1.7,2.2,0.8,0.5,0.2,0.5,0.9,3.8,0.432,0.574,0.324,0.688,0.538,0.524,F,diengou01
394,Devin Carter,3.8,36,2024-25,22,SAC,36,0,0,11.0,1.3,3.5,0.8,1.8,0.5,1.7,0.7,1.2,0.5,1.6,2.1,1.1,0.6,0.1,0.5,1.1,3.8,0.37,0.439,0.295,0.591,0.471,0.441,G,cartede02
395,Patty Mills,3.8,29,2024-25,36,UTA,29,0,0,11.1,1.2,3.3,0.3,0.7,0.9,2.6,0.4,0.5,0.1,0.6,0.8,0.9,0.4,0.1,0.6,0.8,3.8,0.375,0.476,0.347,0.929,0.543,0.51,G,millspa02
396,Branden Carlson,3.8,32,2024-25,25,OKC,32,0,0,7.7,1.3,3.0,0.7,1.0,0.7,2.1,0.4,0.6,0.5,1.2,1.7,0.4,0.2,0.7,0.2,0.7,3.8,0.443,0.677,0.333,0.778,0.581,0.557,C,carlsbr01
397,Blake Wesley,3.7,58,2024-25,21,SAS,58,0,0,11.8,1.4,3.2,1.1,2.2,0.3,1.0,0.7,1.1,0.3,0.8,1.1,2.0,0.6,0.1,0.9,0.8,3.7,0.435,0.5,0.293,0.623,0.51,0.481,G,weslebl01
398,DeAndre Jordan,3.7,56,2024-25,36,DEN,56,5,0,12.3,1.6,2.5,1.6,2.5,0.0,0.0,0.5,1.1,1.5,3.6,5.1,0.9,0.3,0.5,0.7,1.3,3.7,0.65,0.65,0.0,0.422,0.621,0.65,C,jordade01
399,Craig Porter Jr.,3.7,51,2024-25,24,CLE,51,1,0,10.1,1.4,2.7,1.0,1.8,0.4,0.9,0.5,0.6,0.4,0.9,1.3,1.4,0.3,0.3,0.7,0.5,3.7,0.514,0.554,0.438,0.719,0.61,0.589,G,portecr01
400,Baylor Scheierman,3.6,31,2024-25,24,BOS,31,2,0,12.4,1.3,3.5,0.4,0.9,0.8,2.6,0.3,0.4,0.6,1.5,2.1,1.1,0.5,0.1,0.4,0.7,3.6,0.355,0.464,0.317,0.75,0.49,0.473,G,scheiba01
401,Jae'Sean Tate,3.6,52,2024-25,29,HOU,52,2,0,11.3,1.3,2.8,1.0,2.0,0.3,0.9,0.6,0.9,1.0,1.3,2.3,0.9,0.5,0.1,0.4,1.6,3.6,0.473,0.529,0.348,0.681,0.557,0.527,F,tateja01
402,Jaylon Tyson,3.6,47,2024-25,22,CLE,47,3,0,9.6,1.4,3.2,0.9,1.9,0.4,1.2,0.4,0.5,0.8,1.3,2.0,0.9,0.3,0.1,0.6,1.1,3.6,0.43,0.484,0.345,0.792,0.523,0.497,G,tysonja01
403,JT Thor,3.6,20,2024-25,22,WAS,20,0,0,12.5,1.3,3.0,1.0,1.9,0.3,1.1,0.8,1.1,1.0,1.4,2.4,0.3,0.4,0.5,0.5,0.9,3.6,0.424,0.5,0.286,0.682,0.517,0.475,F,thorjt01
404,Elfrid Payton,3.5,24,2024-25,30,NOP,24,9,0,21.3,1.7,5.1,1.6,4.8,0.0,0.3,0.2,0.3,0.6,2.7,3.3,6.9,1.0,0.5,2.5,1.5,3.5,0.328,0.336,0.167,0.571,0.34,0.332,G,paytoel01
405,Cory Joseph,3.5,50,2024-25,33,ORL,50,16,0,12.2,1.2,3.1,0.5,0.9,0.8,2.1,0.3,0.4,0.3,1.1,1.5,1.4,0.5,0.1,0.4,1.0,3.5,0.403,0.489,0.364,0.778,0.547,0.529,G,josepco01
406,Luka Garza,3.5,39,2024-25,26,MIN,39,0,0,5.6,1.3,2.7,1.1,1.8,0.3,0.9,0.6,0.9,0.8,0.6,1.4,0.3,0.2,0.1,0.3,0.7,3.5,0.495,0.609,0.278,0.686,0.573,0.543,F-C,garzalu01
407,Doug McDermott,3.5,42,2024-25,33,SAC,42,3,0,8.1,1.2,2.8,0.1,0.4,1.0,2.4,0.1,0.1,0.1,0.5,0.5,0.2,0.1,0.0,0.1,0.7,3.5,0.427,0.375,0.436,0.6,0.617,0.615,F,mcderdo01
408,Andre Jackson Jr.,3.4,67,2024-25,23,MIL,67,43,0,14.6,1.4,2.9,1.0,1.8,0.4,1.1,0.2,0.4,1.0,1.7,2.7,1.2,0.5,0.2,0.9,1.7,3.4,0.477,0.529,0.395,0.5,0.554,0.553,G,jacksan01
409,Isaac Jones,3.4,40,2024-25,24,SAC,40,0,0,7.6,1.4,2.1,1.3,1.9,0.1,0.2,0.6,0.9,0.6,0.9,1.4,0.3,0.1,0.3,0.4,0.8,3.4,0.651,0.68,0.375,0.639,0.678,0.669,F,jonesis01
410,Damion Lee,3.3,25,2024-25,32,PHO,25,0,0,5.8,1.1,3.0,0.7,1.5,0.4,1.5,0.8,0.8,0.1,0.7,0.8,0.4,0.2,0.0,0.4,0.2,3.3,0.365,0.486,0.243,0.952,0.499,0.426,G,leeda03
411,Jeenathan Williams,3.3,20,2024-25,25,HOU,20,0,0,7.4,1.4,3.1,1.1,1.8,0.3,1.3,0.3,0.4,0.3,0.4,0.7,0.5,0.4,0.2,0.7,0.8,3.3,0.435,0.583,0.231,0.625,0.496,0.484,G,willije02
412,Zeke Nnaji,3.2,57,2024-25,24,DEN,57,4,0,10.7,1.2,2.5,0.9,1.6,0.3,0.9,0.5,0.8,0.6,1.0,1.6,0.4,0.4,0.7,0.2,1.1,3.2,0.496,0.596,0.327,0.614,0.574,0.557,F,nnajize01
413,Cam Reddish,3.2,33,2024-25,25,LAL,33,8,0,17.8,1.2,2.8,0.8,1.4,0.4,1.4,0.5,0.8,0.5,1.5,2.0,0.7,1.0,0.3,0.4,1.3,3.2,0.404,0.532,0.277,0.615,0.498,0.473,F,reddica01
414,Delon Wright,3.1,40,2024-25,32,NYK,40,7,0,15.9,1.1,3.3,0.6,1.5,0.5,1.8,0.4,0.6,0.7,1.0,1.7,1.9,0.9,0.3,0.6,0.6,3.1,0.344,0.431,0.274,0.6,0.44,0.42,G,wrighde01
415,Maxi Kleber,3.0,34,2024-25,33,DAL,34,4,0,18.7,1.1,2.8,0.7,1.4,0.4,1.4,0.5,0.6,0.7,2.1,2.8,1.3,0.3,0.5,0.7,1.9,3.0,0.385,0.511,0.265,0.762,0.489,0.453,F,klebima01
416,Gary Harris,3.0,48,2024-25,30,ORL,48,3,0,14.8,1.1,2.8,0.3,0.7,0.8,2.1,0.1,0.3,0.4,0.9,1.3,0.6,0.5,0.3,0.4,0.9,3.0,0.383,0.469,0.356,0.583,0.524,0.519,G,harriga01
417,Rayan Rupert,3.0,52,2024-25,20,POR,52,0,0,8.8,1.1,2.7,0.8,1.6,0.3,1.1,0.4,0.6,0.5,0.8,1.3,0.5,0.3,0.1,0.6,0.7,3.0,0.408,0.506,0.271,0.767,0.499,0.465,G,ruperra01
418,Tyler Smith,2.9,23,2024-25,20,MIL,23,0,0,5.3,1.0,2.2,0.5,0.9,0.6,1.3,0.3,0.3,0.3,0.8,1.1,0.2,0.1,0.2,0.3,0.5,2.9,0.48,0.55,0.433,0.75,0.626,0.61,F,smithty02
419,Markelle Fultz,2.9,21,2024-25,26,SAC,21,0,0,8.8,1.3,3.2,1.1,2.8,0.2,0.4,0.0,0.0,0.3,0.7,1.0,1.3,0.5,0.1,0.7,0.6,2.9,0.418,0.407,0.5,1.0,0.452,0.448,G,fultzma01
420,Taj Gibson,2.9,37,2024-25,39,CHO,37,11,0,11.1,1.3,2.6,1.2,2.5,0.0,0.1,0.3,0.5,1.4,1.9,3.2,0.6,0.2,0.5,0.7,1.5,2.9,0.495,0.495,0.5,0.6,0.515,0.5,F-C,gibsota01
421,Hunter Tyson,2.6,51,2024-25,24,DEN,51,2,0,7.8,0.9,2.4,0.4,0.9,0.5,1.5,0.4,0.5,0.5,1.0,1.5,0.4,0.2,0.1,0.3,0.9,2.6,0.375,0.478,0.311,0.75,0.506,0.471,F,tysonhu01
422,Josh Minott,2.6,46,2024-25,22,MIN,46,0,0,6.0,1.0,2.0,0.7,1.0,0.3,0.9,0.4,0.4,0.3,0.8,1.0,0.4,0.3,0.3,0.2,0.7,2.6,0.489,0.638,0.326,0.895,0.605,0.567,F,minotjo01
423,Reece Beekman,2.6,36,2024-25,23,GSW,36,4,0,13.0,1.0,3.0,0.8,1.9,0.2,1.1,0.4,0.6,0.4,0.7,1.1,1.8,0.9,0.1,0.6,1.0,2.6,0.327,0.418,0.175,0.762,0.4,0.36,G,beekmre01
424,Jaden Springer,2.5,43,2024-25,22,UTA,43,2,0,8.5,0.8,2.1,0.5,1.0,0.3,1.1,0.6,0.9,0.4,1.0,1.3,0.8,0.6,0.1,0.4,1.0,2.5,0.389,0.548,0.25,0.711,0.511,0.456,G,sprinja01
425,Anthony Gill,2.5,51,2024-25,32,WAS,51,0,0,7.8,0.8,1.7,0.6,1.1,0.2,0.6,0.6,1.0,0.4,0.9,1.3,0.3,0.2,0.0,0.2,0.6,2.5,0.489,0.579,0.323,0.66,0.586,0.545,F,gillan01
426,Pat Spencer,2.5,39,2024-25,28,GSW,39,0,0,6.4,1.1,2.6,0.9,2.0,0.1,0.6,0.3,0.4,0.4,0.8,1.2,1.2,0.4,0.1,0.5,0.5,2.5,0.406,0.456,0.227,0.733,0.455,0.431,G,spencpa01
427,Trey Jemison,2.5,38,2024-25,25,NOP,38,0,0,10.3,1.1,1.9,1.1,1.9,0.0,0.0,0.3,0.9,1.2,1.6,2.8,0.4,0.2,0.4,0.6,1.8,2.5,0.554,0.554,0.0,0.394,0.537,0.554,C,jemistr01
428,Dillon Jones,2.5,54,2024-25,23,OKC,54,3,0,10.2,0.9,2.5,0.6,1.3,0.3,1.2,0.3,0.5,0.6,1.7,2.2,1.1,0.3,0.1,0.5,1.0,2.5,0.383,0.5,0.254,0.607,0.464,0.444,F,jonesdi01
429,John Konchar,2.4,46,2024-25,28,MEM,46,4,0,12.1,0.9,2.0,0.4,0.6,0.5,1.3,0.2,0.2,0.8,2.5,3.3,0.9,0.7,0.3,0.3,0.7,2.4,0.451,0.621,0.371,0.875,0.592,0.577,G,konchjo01
430,Christian Koloko,2.4,37,2024-25,24,LAL,37,0,0,9.2,1.1,1.8,1.1,1.7,0.0,0.1,0.3,0.4,0.9,1.5,2.5,0.4,0.2,0.4,0.3,1.2,2.4,0.606,0.645,0.0,0.714,0.624,0.606,C,kolokch01
431,Johnny Davis,2.4,34,2024-25,22,WAS,34,0,0,7.1,0.9,2.3,0.7,1.4,0.2,0.9,0.3,0.4,0.3,0.8,1.1,0.3,0.4,0.2,0.2,0.5,2.4,0.41,0.51,0.241,0.6,0.473,0.455,G,davisjo06
432,Bronny James,2.3,27,2024-25,20,LAL,27,1,0,6.7,0.8,2.5,0.4,1.3,0.3,1.2,0.4,0.5,0.1,0.5,0.7,0.8,0.3,0.1,0.5,0.5,2.3,0.313,0.343,0.281,0.786,0.424,0.381,G,jamesbr02
433,MarJon Beauchamp,2.3,35,2024-25,24,LACMILNYK,35,0,0,4.5,0.8,1.9,0.5,1.0,0.3,0.8,0.4,0.6,0.3,0.9,1.3,0.3,0.1,0.0,0.4,0.4,2.3,0.415,0.472,0.345,0.75,0.535,0.492,G,beaucma01
434,Patrick Baldwin Jr.,2.2,24,2024-25,22,WAS,24,0,0,4.5,0.8,1.5,0.3,0.5,0.5,1.0,0.1,0.2,0.2,0.8,1.0,0.1,0.1,0.1,0.2,0.3,2.2,0.543,0.5,0.565,0.5,0.721,0.729,G-F,baldwpa01
435,Drew Peterson,2.2,25,2024-25,25,BOS,25,1,0,7.4,0.7,1.6,0.2,0.3,0.5,1.3,0.3,0.4,0.4,1.2,1.6,0.5,0.2,0.1,0.3,0.7,2.2,0.415,0.5,0.394,0.778,0.601,0.573,G,peterdr01
436,Jordan McLaughlin,2.1,46,2024-25,28,SAS,46,0,0,6.8,0.7,1.6,0.3,0.6,0.4,1.0,0.4,0.5,0.1,0.5,0.7,1.1,0.3,0.0,0.3,0.4,2.1,0.431,0.462,0.413,0.773,0.6,0.563,G,mclaujo01
437,Enrique Freeman,2.1,22,2024-25,24,IND,22,1,0,8.2,0.7,1.7,0.7,1.2,0.0,0.5,0.6,0.9,0.5,0.9,1.4,0.4,0.1,0.1,0.3,1.0,2.1,0.432,0.556,0.1,0.684,0.507,0.446,F,freemen01
438,Dwight Powell,2.1,55,2024-25,33,DAL,55,3,0,10.0,0.8,1.1,0.7,1.0,0.0,0.1,0.5,0.8,0.9,1.3,2.1,1.0,0.3,0.4,0.3,1.4,2.1,0.689,0.714,0.4,0.651,0.713,0.705,F-C,poweldw01
439,Johnny Furphy,2.1,50,2024-25,20,IND,50,0,0,7.6,0.7,1.8,0.4,0.8,0.3,1.0,0.4,0.4,0.5,1.0,1.4,0.4,0.4,0.2,0.2,0.8,2.1,0.38,0.476,0.3,0.818,0.506,0.462,G-F,furphjo01
440,Tyler Kolek,2.0,41,2024-25,23,NYK,41,0,0,7.2,0.7,2.0,0.3,0.9,0.3,1.1,0.3,0.4,0.2,0.5,0.7,1.7,0.3,0.1,0.4,0.6,2.0,0.329,0.371,0.298,0.765,0.453,0.415,G,kolekty01
441,Kobe Brown,1.9,40,2024-25,25,LAC,40,0,0,6.8,0.8,1.8,0.7,1.2,0.2,0.7,0.1,0.2,0.5,1.2,1.6,0.6,0.2,0.1,0.3,0.6,1.9,0.458,0.587,0.231,0.714,0.513,0.5,G-F,brownko01
442,Ariel Hukporti,1.9,25,2024-25,22,NYK,25,1,0,8.7,0.8,1.2,0.8,1.2,0.0,0.0,0.2,0.5,0.6,1.5,2.0,0.4,0.0,0.6,0.8,1.3,1.9,0.677,0.677,0.0,0.462,0.654,0.677,C,hukpoar01
443,Garrett Temple,1.9,28,2024-25,38,TOR,28,0,0,8.1,0.6,2.1,0.4,1.1,0.2,1.0,0.4,0.4,0.3,0.7,1.0,1.1,0.6,0.1,0.4,0.8,1.9,0.3,0.375,0.214,0.917,0.406,0.35,G,templga01
444,Jericho Sims,1.8,53,2024-25,26,NYK,53,5,0,11.9,0.8,1.3,0.8,1.3,0.0,0.0,0.2,0.2,1.3,2.4,3.7,0.6,0.2,0.4,0.6,1.2,1.8,0.634,0.634,0.0,0.615,0.639,0.634,F,simsje01
445,Adam Flagler,1.8,37,2024-25,25,OKC,37,0,0,5.5,0.7,2.6,0.3,0.6,0.4,1.9,0.0,0.1,0.2,0.5,0.7,0.3,0.2,0.1,0.1,0.4,1.8,0.26,0.458,0.194,0.5,0.335,0.333,G,flaglad01
446,Tristan Thompson,1.7,40,2024-25,33,CLE,40,0,0,8.2,0.8,1.8,0.8,1.7,0.0,0.1,0.2,0.8,0.8,2.6,3.4,0.6,0.1,0.3,0.4,0.9,1.7,0.437,0.456,0.0,0.233,0.41,0.437,F-C,thomptr01
447,Alex Ducas,1.7,21,2024-25,24,OKC,21,0,0,6.0,0.6,1.4,0.1,0.4,0.5,1.0,0.1,0.1,0.4,0.8,1.2,0.2,0.2,0.0,0.2,0.6,1.7,0.4,0.222,0.476,1.0,0.583,0.567,G-F,ducasal01
448,Yuki Kawamura,1.6,22,2024-25,23,MEM,22,0,0,4.2,0.5,1.4,0.2,0.3,0.3,1.0,0.3,0.4,0.0,0.5,0.5,0.9,0.1,0.0,0.2,0.4,1.6,0.367,0.571,0.304,0.778,0.53,0.483,G,kawamyu01
449,Alex Len,1.6,46,2024-25,31,SAC,46,7,0,8.3,0.7,1.4,0.7,1.2,0.0,0.2,0.2,0.4,0.8,1.2,2.1,0.8,0.2,0.5,0.4,1.2,1.6,0.508,0.556,0.222,0.471,0.525,0.524,C,lenal01
450,Jordan Walsh,1.6,52,2024-25,20,BOS,52,1,0,7.8,0.6,1.6,0.3,0.5,0.3,1.1,0.1,0.2,0.4,0.9,1.3,0.4,0.2,0.2,0.3,0.6,1.6,0.361,0.536,0.273,0.583,0.464,0.452,G-F,walshjo01
451,Sidy Cissoko,1.5,22,2024-25,20,SAS,22,0,0,5.2,0.6,1.4,0.5,0.8,0.1,0.6,0.1,0.4,0.4,0.6,1.0,0.7,0.1,0.0,0.5,0.5,1.5,0.433,0.588,0.231,0.333,0.471,0.483,G,cissosi01
452,Chris Livingston,1.4,21,2024-25,21,MIL,21,1,0,5.0,0.4,1.3,0.4,0.9,0.0,0.4,0.6,0.8,0.5,1.2,1.7,0.2,0.2,0.0,0.3,0.4,1.4,0.333,0.474,0.0,0.75,0.441,0.333,F,livinch01
453,Trey Alexander,1.3,24,2024-25,21,DEN,24,0,0,4.9,0.5,1.7,0.4,1.0,0.1,0.7,0.1,0.2,0.0,0.5,0.5,0.5,0.1,0.0,0.2,0.4,1.3,0.317,0.417,0.176,0.75,0.374,0.354,G,alexatr01
454,Spencer Jones,1.3,20,2024-25,23,DEN,20,0,0,6.3,0.6,1.7,0.5,0.9,0.1,0.9,0.2,0.2,0.4,0.5,0.9,0.3,0.3,0.3,0.3,0.9,1.3,0.324,0.588,0.059,1.0,0.368,0.338,F,jonessp01
455,Xavier Tillman Sr.,1.0,33,2024-25,26,BOS,33,2,0,7.0,0.4,1.6,0.2,0.6,0.2,1.0,0.1,0.1,0.3,1.0,1.3,0.2,0.3,0.2,0.4,0.5,1.0,0.245,0.381,0.156,0.75,0.31,0.292,F,tillmxa01
456,Stanley Umude,0.7,22,2024-25,25,MIL,22,0,0,3.9,0.2,1.2,0.1,0.5,0.1,0.7,0.1,0.2,0.2,0.6,0.8,0.2,0.1,0.3,0.1,0.4,0.7,0.192,0.182,0.2,0.5,0.27,0.25,G,umudest01
